/*M!999999\- enable the sandbox mode */ 
-- MariaDB dump 10.19  Distrib 10.6.22-MariaDB, for debian-linux-gnu (x86_64)
--
-- Host: localhost    Database: control_finance
-- ------------------------------------------------------
-- Server version	10.6.22-MariaDB-0ubuntu0.22.04.1

/*!40101 SET @OLD_CHARACTER_SET_CLIENT=@@CHARACTER_SET_CLIENT */;
/*!40101 SET @OLD_CHARACTER_SET_RESULTS=@@CHARACTER_SET_RESULTS */;
/*!40101 SET @OLD_COLLATION_CONNECTION=@@COLLATION_CONNECTION */;
/*!40101 SET NAMES utf8mb4 */;
/*!40103 SET @OLD_TIME_ZONE=@@TIME_ZONE */;
/*!40103 SET TIME_ZONE='+00:00' */;
/*!40014 SET @OLD_UNIQUE_CHECKS=@@UNIQUE_CHECKS, UNIQUE_CHECKS=0 */;
/*!40014 SET @OLD_FOREIGN_KEY_CHECKS=@@FOREIGN_KEY_CHECKS, FOREIGN_KEY_CHECKS=0 */;
/*!40101 SET @OLD_SQL_MODE=@@SQL_MODE, SQL_MODE='NO_AUTO_VALUE_ON_ZERO' */;
/*!40111 SET @OLD_SQL_NOTES=@@SQL_NOTES, SQL_NOTES=0 */;

--
-- Table structure for table `acessos`
--

DROP TABLE IF EXISTS `acessos`;
/*!40101 SET @saved_cs_client     = @@character_set_client */;
/*!40101 SET character_set_client = utf8mb4 */;
CREATE TABLE `acessos` (
  `id` int(11) NOT NULL AUTO_INCREMENT,
  `email` varchar(128) NOT NULL,
  `ip` varchar(45) NOT NULL,
  `tentativas` int(11) NOT NULL,
  `senha_forcada` varchar(128) NOT NULL,
  `created_at` timestamp NULL DEFAULT NULL,
  `updated_at` timestamp NULL DEFAULT NULL,
  PRIMARY KEY (`id`)
) ENGINE=InnoDB AUTO_INCREMENT=2 DEFAULT CHARSET=utf8mb4 COLLATE=utf8mb4_general_ci;
/*!40101 SET character_set_client = @saved_cs_client */;

--
-- Dumping data for table `acessos`
--

LOCK TABLES `acessos` WRITE;
/*!40000 ALTER TABLE `acessos` DISABLE KEYS */;
INSERT INTO `acessos` VALUES (1,'teste@teste.com','172.69.114.149',2,'dsfsdf','2025-03-14 14:50:34','2025-03-14 14:50:58');
/*!40000 ALTER TABLE `acessos` ENABLE KEYS */;
UNLOCK TABLES;

--
-- Table structure for table `categories`
--

DROP TABLE IF EXISTS `categories`;
/*!40101 SET @saved_cs_client     = @@character_set_client */;
/*!40101 SET character_set_client = utf8mb4 */;
CREATE TABLE `categories` (
  `id` int(11) NOT NULL AUTO_INCREMENT,
  `user_id` bigint(20) unsigned NOT NULL,
  `description` varchar(48) NOT NULL,
  `order` int(11) NOT NULL DEFAULT 0,
  `color` varchar(7) DEFAULT '#000000',
  `img` varchar(45) DEFAULT 'default.png',
  `status` enum('E','D') NOT NULL DEFAULT 'E' COMMENT 'E->enable - D->disable',
  `created_at` timestamp NULL DEFAULT NULL,
  `updated_at` timestamp NULL DEFAULT NULL,
  PRIMARY KEY (`id`),
  KEY `FK_categoriesUsers` (`user_id`),
  CONSTRAINT `FK_categoriesUsers` FOREIGN KEY (`user_id`) REFERENCES `users` (`id`)
) ENGINE=InnoDB AUTO_INCREMENT=13 DEFAULT CHARSET=utf8mb4 COLLATE=utf8mb4_general_ci;
/*!40101 SET character_set_client = @saved_cs_client */;

--
-- Dumping data for table `categories`
--

LOCK TABLES `categories` WRITE;
/*!40000 ALTER TABLE `categories` DISABLE KEYS */;
INSERT INTO `categories` VALUES (1,1,'FILHO (a)',2,'#0062ff','default.png','E',NULL,'2024-08-30 19:16:56'),(2,1,'ALIMENTAÇÃO',1,'#854d00','default.png','E',NULL,'2024-08-30 19:17:12'),(3,1,'EDUCAÇÃO',6,'#fff82e','default.png','E',NULL,'2024-08-30 19:18:27'),(4,1,'LAZER',7,'#7bc1c0','default.png','E',NULL,'2024-08-30 19:18:19'),(5,1,'CASA',3,'#f5cc94','default.png','E',NULL,'2024-08-30 19:18:08'),(6,1,'CARRO',4,'#000000','default.png','E',NULL,'2024-08-30 19:17:28'),(7,1,'VESTUÁRIO',9,'#ff00dd','default.png','E',NULL,'2024-08-30 19:19:45'),(8,1,'PESSOAL',11,'#0f7ba9','default.png','E',NULL,'2024-08-30 19:19:01'),(9,1,'SAÚDE',5,'#f57a7a','default.png','E',NULL,'2024-08-30 19:18:36'),(10,1,'OUTROS',12,'#a15a5a','default.png','E',NULL,'2025-07-22 18:21:47'),(11,1,'PET',8,'#ababab','default.png','E',NULL,'2024-08-30 19:19:55'),(12,1,'EMPRÉSTIMO',10,'#78ff47','default.png','E',NULL,'2024-08-30 19:19:31');
/*!40000 ALTER TABLE `categories` ENABLE KEYS */;
UNLOCK TABLES;

--
-- Table structure for table `debts`
--

DROP TABLE IF EXISTS `debts`;
/*!40101 SET @saved_cs_client     = @@character_set_client */;
/*!40101 SET character_set_client = utf8mb4 */;
CREATE TABLE `debts` (
  `id` int(11) NOT NULL AUTO_INCREMENT,
  `payment_type_id` int(11) NOT NULL,
  `category_id` int(11) NOT NULL,
  `shopper_id` int(11) NOT NULL,
  `date` date NOT NULL,
  `locality` varchar(64) NOT NULL,
  `trade_name` varchar(64) DEFAULT NULL,
  `locality_obs` varchar(128) DEFAULT NULL,
  `total_value` decimal(10,2) NOT NULL DEFAULT 0.00,
  `number_installments` int(11) NOT NULL,
  `prorated_debt` tinyint(1) NOT NULL DEFAULT 0,
  `status` enum('PM','PP') NOT NULL COMMENT ' PM->payment made - PP->payment pendent',
  `order` int(11) DEFAULT 0,
  `created_at` timestamp NULL DEFAULT NULL,
  `updated_at` timestamp NULL DEFAULT NULL,
  PRIMARY KEY (`id`),
  KEY `fk_debts_payment_types_idx` (`payment_type_id`),
  KEY `fk_debts_categories1_idx` (`category_id`),
  KEY `fk_debts_shoppers1_idx` (`shopper_id`),
  CONSTRAINT `fk_debts_categories1` FOREIGN KEY (`category_id`) REFERENCES `categories` (`id`),
  CONSTRAINT `fk_debts_payment_types` FOREIGN KEY (`payment_type_id`) REFERENCES `payment_types` (`id`),
  CONSTRAINT `fk_debts_shoppers1` FOREIGN KEY (`shopper_id`) REFERENCES `shoppers` (`id`)
) ENGINE=InnoDB AUTO_INCREMENT=783 DEFAULT CHARSET=utf8mb3 COLLATE=utf8mb3_general_ci;
/*!40101 SET character_set_client = @saved_cs_client */;

--
-- Dumping data for table `debts`
--

LOCK TABLES `debts` WRITE;
/*!40000 ALTER TABLE `debts` DISABLE KEYS */;
INSERT INTO `debts` VALUES (1,3,8,2,'2023-09-11','Magalu*Magazineluiza celular',NULL,NULL,2448.00,10,0,'PP',0,NULL,NULL),(2,3,5,1,'2024-03-06','Amazon Marketplace',NULL,NULL,237.28,4,0,'PP',0,NULL,NULL),(3,3,5,1,'2024-03-18','Madeira madeira guarda roupa - cama',NULL,NULL,2569.10,10,1,'PP',0,NULL,NULL),(4,3,5,1,'2024-04-10','Copel colchão',NULL,NULL,366.00,5,1,'PP',0,NULL,NULL),(5,3,8,1,'2024-04-11','Produtos Globo',NULL,NULL,358.80,12,0,'PP',0,NULL,NULL),(6,3,1,1,'2024-04-12','Magazine Torra Torra roupas heitor',NULL,NULL,495.84,3,1,'PP',0,NULL,NULL),(7,3,2,1,'2024-04-13','Manos Bras festa doces',NULL,NULL,302.10,3,1,'PP',0,NULL,NULL),(8,3,5,1,'2024-04-13','Braz Fabril tapete',NULL,NULL,312.84,3,1,'PP',0,NULL,NULL),(9,3,1,2,'2024-04-23','Caedu Suzano',NULL,NULL,177.94,2,1,'PP',0,NULL,NULL),(10,3,10,2,'2024-05-06','Ec *Taukuaumoda',NULL,NULL,209.70,5,0,'PP',0,NULL,NULL),(11,3,9,1,'2024-05-12','Drogaria_Sp',NULL,NULL,40.00,1,0,'PP',0,NULL,'2024-06-11 20:45:54'),(12,3,1,2,'2024-05-12','Farma Leste Primos Ltd',NULL,NULL,23.96,1,0,'PP',0,NULL,NULL),(13,3,1,1,'2024-05-14','Suzanmi-Bazar E Pape',NULL,NULL,81.90,2,0,'PP',0,NULL,NULL),(14,3,1,1,'2024-05-14','Dibs Modas',NULL,NULL,145.02,3,1,'PP',0,NULL,NULL),(15,3,5,1,'2024-05-18','Rocco Ferragens',NULL,NULL,39.60,1,0,'PP',0,NULL,NULL),(16,3,2,2,'2024-05-18','Sorveteria Frefk',NULL,NULL,30.00,1,0,'PP',0,NULL,NULL),(17,3,6,1,'2024-05-18','Posto Atacadao Suzano',NULL,NULL,100.00,1,0,'PP',0,NULL,NULL),(18,3,5,1,'2024-05-18','Construdecor S A',NULL,NULL,166.90,2,0,'PP',0,NULL,NULL),(19,3,2,1,'2024-05-19','Atacadão',NULL,NULL,46.88,1,0,'PP',0,NULL,NULL),(20,3,6,1,'2024-05-19','Total latas',NULL,NULL,39.50,1,0,'PP',0,NULL,NULL),(88,3,8,1,'2024-05-28','Ecommerce Ol Olympik',NULL,NULL,130.00,2,0,'PP',0,'2024-06-03 18:03:04','2024-06-03 18:03:04'),(89,3,7,1,'2024-05-29','Netshoes camisa spfc',NULL,NULL,279.99,3,0,'PP',0,'2024-06-03 18:04:00','2024-06-03 18:04:00'),(90,3,5,1,'2024-06-01','PagPetz comida e tapete',NULL,NULL,189.90,2,1,'PP',0,'2024-06-03 18:05:35','2024-06-03 18:05:35'),(91,3,8,1,'2024-06-01','Digitalocean.Com',NULL,NULL,33.05,1,0,'PP',0,'2024-06-03 18:06:06','2024-06-03 18:06:06'),(103,3,9,1,'2024-05-12','Drogasil',NULL,NULL,40.00,1,0,'PP',0,'2024-06-11 21:11:52','2024-06-11 21:11:52'),(106,4,3,1,'2024-02-10','Colegio dom bosco material didatico',NULL,NULL,820.50,10,1,'PP',0,'2024-06-11 21:51:48','2024-06-11 21:51:48'),(116,2,8,1,'2023-10-12','Babydreams bug',NULL,NULL,2320.00,10,1,'PP',0,'2024-06-12 18:35:00','2024-06-12 18:35:00'),(128,1,2,1,'2024-06-13','Assai atacadista',NULL,NULL,27.90,1,0,'PP',0,'2024-06-18 11:10:01','2024-06-18 11:10:01'),(129,1,2,1,'2024-06-13','Assai atacadista',NULL,NULL,48.97,1,0,'PP',0,'2024-06-18 11:10:51','2024-06-18 11:10:51'),(130,3,9,1,'2024-06-15','Drogasil',NULL,NULL,53.98,1,0,'PP',0,'2024-06-18 11:11:46','2024-06-18 11:11:46'),(131,1,2,1,'2024-06-15','Nagumo',NULL,NULL,23.92,1,0,'PP',0,'2024-06-18 11:12:33','2024-06-18 11:12:33'),(132,3,9,1,'2024-06-17','Drogaria são paulo',NULL,NULL,86.79,1,0,'PP',0,'2024-06-18 11:13:27','2024-06-18 11:13:27'),(133,1,2,1,'2024-06-17','Assai atacadista',NULL,NULL,19.90,1,0,'PP',0,'2024-06-18 11:13:59','2024-06-18 11:13:59'),(134,1,2,1,'2024-06-01','Assai Atacadista',NULL,NULL,60.64,1,0,'PP',0,'2024-06-18 11:30:18','2024-06-18 11:30:18'),(135,1,2,1,'2024-06-03','Assai Atacadista',NULL,NULL,112.60,1,0,'PP',0,'2024-06-18 11:30:56','2024-06-18 11:30:56'),(136,1,2,1,'2024-06-03','Supermercado Primos',NULL,NULL,10.38,1,0,'PP',0,'2024-06-18 11:31:55','2024-06-18 11:31:55'),(137,1,2,1,'2024-06-07','Supermercado Primo',NULL,NULL,19.96,1,0,'PP',0,'2024-06-18 11:32:15','2024-06-18 11:32:15'),(138,1,2,1,'2024-06-09','Assai Atacadista',NULL,NULL,34.29,1,0,'PP',0,'2024-06-18 11:32:47','2024-06-18 11:32:47'),(139,1,2,1,'2024-06-09','Supermercado Primos',NULL,NULL,33.90,1,0,'PP',0,'2024-06-18 11:33:28','2024-06-18 11:33:28'),(140,1,10,1,'2024-06-10','Lopes Fabricio impressões',NULL,NULL,2.00,1,0,'PP',0,'2024-06-18 11:34:48','2024-06-18 11:36:36'),(141,1,10,1,'2024-06-10','Suzano miamor',NULL,NULL,6.40,1,0,'PP',0,'2024-06-18 11:35:58','2024-06-18 11:35:58'),(142,3,2,1,'2024-06-18','Assai atacadista',NULL,NULL,159.69,2,0,'PP',0,'2024-06-19 00:09:13','2024-06-19 00:09:13'),(144,3,2,1,'2024-06-19','Nagumo',NULL,NULL,22.29,1,0,'PP',0,'2024-06-19 23:34:31','2024-06-19 23:34:31'),(145,1,2,1,'2024-06-17','Assai atacadista excluir',NULL,NULL,19.90,1,0,'PP',0,'2024-06-20 00:06:00','2024-06-20 00:07:19'),(146,3,2,1,'2024-06-20','Supermercado primos',NULL,NULL,39.53,1,0,'PP',0,'2024-06-21 10:33:19','2024-06-21 10:33:19'),(147,1,6,1,'2024-06-21','Posto atacadão',NULL,NULL,100.00,1,0,'PP',0,'2024-06-23 10:18:10','2024-06-23 10:18:10'),(148,1,2,1,'2024-06-21','Atacadão',NULL,NULL,40.12,1,0,'PP',0,'2024-06-23 10:19:27','2024-06-23 10:19:27'),(149,3,9,1,'2024-06-22','Drogaria sp heitor',NULL,NULL,139.82,2,1,'PP',0,'2024-06-23 10:21:14','2024-06-23 10:21:14'),(150,3,2,1,'2024-06-22','Gcp comercios McDonalds',NULL,NULL,63.00,1,0,'PP',0,'2024-06-23 10:22:13','2024-06-23 10:22:13'),(154,1,2,1,'2024-06-22','Assai Atacadista',NULL,NULL,154.76,1,0,'PP',0,'2024-06-25 12:36:37','2024-06-25 12:36:59'),(155,1,2,1,'2024-06-22','Nagumo',NULL,NULL,12.57,1,0,'PP',0,'2024-06-25 12:37:29','2024-06-25 12:37:29'),(156,1,9,1,'2024-06-26','Drogaria w11',NULL,NULL,27.98,1,0,'PP',0,'2024-06-27 20:39:18','2024-06-27 20:39:18'),(157,1,9,1,'2024-06-26','Life farma',NULL,NULL,96.90,1,0,'PP',0,'2024-06-27 20:39:50','2024-06-27 20:39:50'),(158,1,2,1,'2024-06-26','Nagumo',NULL,NULL,11.47,1,0,'PP',0,'2024-06-27 20:40:28','2024-06-27 20:40:28'),(159,1,2,1,'2024-06-26','Supermercado primos',NULL,NULL,32.80,1,0,'PP',0,'2024-06-27 20:41:08','2024-06-27 20:41:08'),(160,1,2,1,'2024-06-26','Padaria Kipaladar',NULL,NULL,5.76,1,0,'PP',0,'2024-06-27 20:41:43','2024-06-27 20:41:43'),(163,3,2,1,'2024-06-29','Assai atacadista',NULL,NULL,59.53,1,0,'PP',0,'2024-07-01 19:18:50','2024-07-01 19:18:50'),(164,3,5,1,'2024-06-29','Joli',NULL,NULL,55.80,1,0,'PP',0,'2024-07-01 19:19:33','2024-07-01 19:19:33'),(165,3,2,1,'2024-06-29','Sacolão do povo',NULL,NULL,8.30,1,0,'PP',0,'2024-07-01 19:20:08','2024-07-01 19:20:08'),(166,3,2,1,'2024-06-29','Nagumo',NULL,NULL,8.36,1,0,'PP',0,'2024-07-01 19:20:46','2024-07-01 19:20:46'),(167,3,8,1,'2024-06-29','Digital ocean',NULL,NULL,33.52,1,0,'PP',0,'2024-07-01 19:21:14','2024-07-01 19:21:14'),(168,1,6,1,'2024-07-03','Borracharia Lincon',NULL,NULL,20.00,1,0,'PP',0,'2024-07-05 12:48:53','2024-07-05 12:48:53'),(169,3,2,1,'2024-07-03','Assai atacadista',NULL,NULL,32.35,1,0,'PP',0,'2024-07-05 12:49:25','2024-07-05 12:49:25'),(189,9,5,1,'2024-06-21','Vivo internet',NULL,NULL,960.00,6,0,'PP',0,'2024-07-17 12:57:36','2024-07-17 12:57:36'),(190,10,5,1,'2024-07-18','EDP energia',NULL,NULL,1250.00,5,0,'PP',0,'2024-07-17 12:58:22','2024-07-17 12:58:22'),(191,11,5,1,'2024-07-15','IPTU Suzano',NULL,NULL,426.15,5,0,'PP',0,'2024-07-17 12:59:28','2024-07-17 12:59:28'),(192,4,1,1,'2024-07-10','Colégio Dom Bosco',NULL,NULL,4775.00,5,0,'PP',0,'2024-07-17 13:02:55','2024-07-17 13:02:55'),(193,1,6,1,'2024-08-10','Licenciamento',NULL,NULL,160.22,1,0,'PP',0,'2024-07-18 12:40:37','2024-07-18 12:40:37'),(194,1,8,1,'2024-07-10','DARF 4',NULL,NULL,160.27,1,0,'PP',0,'2024-07-18 12:41:39','2024-07-18 12:41:39'),(195,1,8,1,'2024-09-10','DARF 5',NULL,NULL,160.27,1,0,'PP',0,'2024-07-18 12:42:11','2024-07-18 12:42:11'),(196,1,8,1,'2024-10-10','DARF 6',NULL,NULL,160.27,1,0,'PP',0,'2024-07-18 12:42:32','2024-07-18 12:42:32'),(197,1,8,1,'2024-11-10','DARF 7',NULL,NULL,160.27,1,0,'PP',0,'2024-07-18 12:42:59','2024-07-18 12:42:59'),(198,1,8,1,'2024-12-10','DARF 8',NULL,NULL,160.27,1,0,'PM',0,'2024-07-18 12:43:22','2024-12-03 13:05:16'),(209,3,11,1,'2024-07-21','Mitsuoshi gran pet',NULL,NULL,173.70,1,1,'PP',0,'2024-07-22 13:45:55','2024-07-22 13:45:55'),(210,3,2,1,'2024-07-21','Supermercado Primos',NULL,NULL,25.88,1,0,'PP',0,'2024-07-22 13:46:19','2024-07-22 13:46:19'),(211,1,5,1,'2024-07-20','Construdecor',NULL,NULL,23.90,1,0,'PP',0,'2024-07-23 12:40:11','2024-07-23 12:40:11'),(212,1,2,1,'2024-07-22','Supermercado Primos',NULL,NULL,18.15,1,0,'PP',0,'2024-07-23 12:40:34','2024-07-23 12:40:34'),(213,1,5,1,'2024-07-22','Toque de mestre padaria',NULL,NULL,3.89,1,0,'PP',0,'2024-07-23 12:41:03','2024-07-23 12:41:03'),(222,3,11,1,'2024-07-30','Vila Dog',NULL,NULL,85.00,1,1,'PP',0,'2024-07-31 17:55:13','2024-07-31 17:55:13'),(223,3,8,1,'2024-08-01','Digital Ocean',NULL,NULL,36.05,1,0,'PP',0,'2024-08-06 15:29:02','2024-08-06 15:29:02'),(234,8,8,1,'2023-12-28','Microssoft Game Pass',NULL,NULL,599.88,12,0,'PP',0,'2024-08-07 16:52:59','2024-08-07 16:52:59'),(236,3,4,2,'2024-08-13','Ingresse BR',NULL,NULL,194.28,1,0,'PP',0,'2024-08-14 19:00:14','2024-08-14 19:00:14'),(237,3,4,2,'2024-08-13','Ingresse BR ADY',NULL,NULL,194.28,1,0,'PP',0,'2024-08-14 19:01:39','2024-08-14 19:01:39'),(238,3,4,2,'2024-08-12','Ingresse BR ADY',NULL,NULL,194.28,3,0,'PP',0,'2024-08-14 19:04:20','2024-08-14 19:04:20'),(256,2,8,1,'2024-06-07','Amazon Prime',NULL,NULL,166.80,12,0,'PP',0,'2024-08-21 14:04:53','2024-08-21 14:04:53'),(257,2,6,1,'2024-09-12','Master auto latas',NULL,NULL,9.00,1,0,'PP',0,'2024-08-21 14:05:45','2024-08-21 14:05:45'),(258,2,6,1,'2024-09-12','Nogut auto peças',NULL,NULL,354.24,2,0,'PP',0,'2024-08-21 14:06:18','2024-08-21 14:06:18'),(259,2,9,1,'2024-09-12','Drogaria são paulo',NULL,NULL,105.46,2,0,'PP',0,'2024-08-21 14:07:39','2024-08-21 14:07:39'),(260,2,2,1,'2024-09-12','Parcelamento Compra assai',NULL,NULL,262.98,2,0,'PP',0,'2024-08-21 14:08:51','2024-08-21 14:08:51'),(261,2,6,1,'2024-09-12','Parcelamento Auto Posto',NULL,NULL,155.84,2,0,'PP',0,'2024-08-21 14:09:31','2024-08-21 14:09:31'),(262,2,6,1,'2024-09-12','Parcelamento Tokio',NULL,NULL,403.50,2,0,'PP',0,'2024-08-21 14:10:14','2024-08-21 14:10:14'),(263,2,2,1,'2024-09-12','MR3 sorvetes',NULL,NULL,87.50,1,0,'PP',0,'2024-08-21 14:11:37','2024-08-21 14:11:37'),(264,2,2,1,'2024-09-12','Parcelamento compra Assai',NULL,NULL,354.70,2,0,'PP',0,'2024-08-21 14:13:28','2024-08-21 14:13:28'),(265,2,5,1,'2024-09-12','Joli',NULL,NULL,47.17,1,0,'PP',0,'2024-08-21 14:14:39','2024-08-21 14:14:39'),(266,2,8,1,'2024-09-12','Mp mellimais',NULL,NULL,215.88,12,0,'PP',0,'2024-08-21 14:16:39','2024-08-21 14:16:39'),(267,2,5,1,'2024-09-12','Obramax',NULL,NULL,14.99,1,0,'PP',0,'2024-08-21 14:17:05','2024-08-21 14:17:05'),(268,2,11,1,'2024-09-12','Villa Dog',NULL,NULL,65.00,1,1,'PP',0,'2024-08-21 14:17:42','2024-08-21 14:17:42'),(269,2,2,1,'2024-09-12','Suzano',NULL,NULL,32.97,1,0,'PP',0,'2024-08-21 14:18:11','2024-08-21 14:18:11'),(270,2,2,1,'2024-09-12','Suzano',NULL,NULL,32.97,1,0,'PP',0,'2024-08-21 14:18:44','2024-08-21 14:18:44'),(271,2,6,1,'2024-09-12','Parcelamento Tokio',NULL,NULL,139.04,1,0,'PP',0,'2024-08-21 14:19:53','2024-08-21 14:19:53'),(272,2,6,1,'2024-09-12','Parcelamento Tokio',NULL,NULL,201.57,1,0,'PP',0,'2024-08-21 14:20:56','2024-08-21 14:20:56'),(273,2,2,1,'2024-09-12','Mr3 sorvetes',NULL,NULL,94.08,3,0,'PP',0,'2024-08-26 13:04:41','2024-08-26 13:04:41'),(274,2,5,1,'2024-09-12','Joli',NULL,NULL,52.44,4,0,'PP',0,'2024-08-26 13:05:43','2024-08-26 13:05:43'),(275,2,8,1,'2024-09-12','Amazon prime paramount',NULL,NULL,19.90,1,0,'PP',0,'2024-08-26 13:06:18','2024-08-26 13:06:18'),(278,3,2,1,'2024-09-12','Nagumo',NULL,NULL,8.98,1,0,'PP',0,'2024-08-27 15:11:39','2024-08-27 15:11:39'),(279,3,2,1,'2024-09-12','Assai atacadista',NULL,NULL,59.78,1,0,'PP',0,'2024-08-27 15:12:16','2024-08-27 15:12:16'),(280,3,2,1,'2024-09-12','Supermercado Primos',NULL,NULL,6.98,1,0,'PP',0,'2024-08-29 18:06:26','2024-08-29 18:06:26'),(281,3,9,1,'2024-09-12','Drogasil remédio-pomada',NULL,NULL,129.56,2,1,'PP',0,'2024-08-30 14:20:51','2024-08-30 14:20:51'),(282,3,2,1,'2024-09-12','Assai atacadista',NULL,NULL,35.81,1,1,'PP',0,'2024-08-30 14:26:37','2024-08-30 14:26:37'),(283,3,2,1,'2024-09-12','Assai atacadista',NULL,NULL,110.52,1,1,'PP',0,'2024-08-30 14:27:26','2024-08-30 14:27:26'),(294,3,8,1,'2024-09-12','Digital ocean',NULL,NULL,35.84,1,0,'PP',0,'2024-09-04 12:28:47','2024-09-04 12:28:47'),(295,2,1,1,'2024-09-12','Dom Bosco parcelamento',NULL,NULL,1061.93,3,0,'PP',0,'2024-09-04 16:47:41','2024-11-04 14:35:07'),(301,3,8,2,'2024-09-01','Clinica payol lucky',NULL,NULL,650.00,6,0,'PP',0,'2024-09-16 11:08:33','2024-11-04 14:35:07'),(302,3,8,2,'2024-09-01','Curso FIAP',NULL,NULL,1141.68,6,0,'PP',0,'2024-09-16 15:06:29','2024-11-04 14:35:07'),(303,3,11,1,'2024-10-12','Villa dog',NULL,NULL,85.00,1,1,'PM',0,'2024-09-16 17:10:35','2024-09-16 17:10:35'),(304,3,11,1,'2024-10-12','Gran pet ração adulto',NULL,NULL,37.80,1,0,'PM',0,'2024-09-16 17:11:20','2024-09-16 17:11:20'),(305,3,6,1,'2024-10-12','D avó posto comb.',NULL,NULL,100.00,1,0,'PM',0,'2024-09-16 17:11:50','2024-09-16 17:11:50'),(307,2,9,1,'2024-10-12','Vitafor vitaminas',NULL,NULL,174.92,3,0,'PP',0,'2024-09-16 17:18:27','2024-11-04 14:35:07'),(308,3,2,1,'2024-10-12','Superm primo',NULL,NULL,47.72,1,0,'PM',0,'2024-09-17 12:17:34','2024-09-17 12:17:34'),(309,3,1,1,'2024-10-12','Torra torra Heitor',NULL,NULL,119.97,1,1,'PM',0,'2024-09-17 17:01:48','2024-09-17 17:01:48'),(310,3,1,1,'2024-10-12','Bazar camisa branca',NULL,NULL,39.90,1,0,'PM',0,'2024-09-17 17:19:36','2024-09-17 17:19:36'),(311,3,6,1,'2024-10-12','Mercado Car',NULL,NULL,66.79,1,0,'PM',0,'2024-09-18 17:49:35','2024-09-18 17:49:35'),(312,3,9,1,'2024-10-12','Drogasil',NULL,NULL,67.69,1,0,'PM',0,'2024-09-23 14:25:00','2024-09-23 14:25:00'),(313,3,9,1,'2024-10-12','Drogasil2290',NULL,NULL,95.24,1,0,'PM',0,'2024-09-23 14:26:05','2024-09-23 14:26:05'),(314,3,2,1,'2024-10-12','Tempero da roça',NULL,NULL,65.00,1,1,'PM',0,'2024-09-23 14:26:33','2024-09-23 14:26:33'),(315,3,2,1,'2024-10-12','Semar loja 1',NULL,NULL,269.10,2,0,'PP',0,'2024-09-23 14:27:40','2024-11-04 14:35:07'),(316,3,5,1,'2024-10-12','Obramax',NULL,NULL,89.87,1,0,'PM',0,'2024-09-23 14:28:08','2024-09-23 14:28:08'),(317,3,9,1,'2024-10-12','Drogaria são paulo',NULL,NULL,98.98,1,0,'PM',0,'2024-09-24 13:04:11','2024-09-24 13:04:11'),(318,3,2,1,'2024-10-12','Atacadao',NULL,NULL,103.99,1,0,'PM',0,'2024-09-30 09:43:40','2024-09-30 09:43:40'),(319,3,6,1,'2024-10-12','Posto atacadão',NULL,NULL,50.00,1,0,'PM',0,'2024-09-30 09:44:30','2024-09-30 09:44:30'),(320,3,8,2,'2024-10-12','D m presentes (óculos)',NULL,NULL,1900.44,12,0,'PP',0,'2024-09-30 09:47:23','2024-11-04 14:35:07'),(321,3,2,1,'2024-10-12','Superm primos',NULL,NULL,70.66,1,0,'PM',0,'2024-09-30 09:49:10','2024-09-30 09:49:10'),(322,3,2,1,'2024-10-12','Pague pouco',NULL,NULL,59.00,1,0,'PM',0,'2024-10-01 17:20:43','2024-10-01 17:20:43'),(357,14,3,1,'2025-01-05','Colégio Lumbini',NULL,NULL,18500.00,12,0,'PP',0,'2024-10-30 00:15:37','2024-10-30 00:15:37'),(374,3,2,1,'2024-11-13','Assai atacadista',NULL,NULL,74.35,1,0,'PM',0,'2024-11-13 12:07:46','2024-12-23 14:40:18'),(392,10,5,1,'2024-12-19','EDP energia',NULL,NULL,3120.00,12,0,'PP',0,'2024-11-19 16:16:54','2024-11-19 16:16:54'),(393,9,5,1,'2024-12-19','Vivo internet fibra',NULL,NULL,1680.00,12,0,'PP',0,'2024-11-19 16:17:21','2024-11-19 16:17:21'),(459,3,7,1,'2024-12-14','H kodama',NULL,NULL,150.90,2,1,'PM',0,'2024-12-16 11:35:22','2025-02-17 21:49:40'),(460,3,7,1,'2024-12-14','Paris rosa',NULL,NULL,109.88,2,1,'PM',0,'2024-12-16 11:37:42','2025-02-17 21:49:40'),(461,3,2,1,'2024-12-14','Dom bosco festa',NULL,NULL,80.00,1,1,'PM',0,'2024-12-16 11:38:42','2025-01-18 08:30:20'),(465,8,5,1,'2024-07-19','Obramax     -ct',NULL,NULL,993.52,8,1,'PP',0,'2024-12-17 22:06:23','2024-12-17 22:06:23'),(466,8,3,1,'2024-10-03','Boleto Parcelado',NULL,NULL,1200.66,3,0,'PP',0,'2024-12-17 22:07:23','2024-12-17 22:07:23'),(467,8,3,1,'2024-11-04','Boleto Parcelado',NULL,NULL,1051.74,3,0,'PM',0,'2024-12-17 22:10:41','2025-02-03 10:50:35'),(468,8,3,1,'2024-11-05','Colegio Int -ct In (Lumbini matri)',NULL,NULL,600.00,3,1,'PM',0,'2024-12-17 22:11:28','2025-02-03 10:50:35'),(469,8,8,2,'2024-11-05','Kalunga Shop-ct (fonte)',NULL,NULL,138.00,2,0,'PM',0,'2024-12-17 22:13:26','2025-01-06 16:09:34'),(470,8,5,1,'2024-11-05','Kalunga Shop-ct (interfone)',NULL,NULL,48.00,2,0,'PM',0,'2024-12-17 22:13:52','2025-01-04 02:39:19'),(471,8,2,2,'2024-11-13','Parc*assaiatacad (Café tia sandra)',NULL,NULL,135.90,2,0,'PM',0,'2024-12-17 22:15:20','2025-01-06 16:09:33'),(472,8,8,2,'2024-11-15','Livrarialeit-ct',NULL,NULL,67.60,2,0,'PM',0,'2024-12-17 22:16:21','2025-01-06 16:09:32'),(473,8,2,1,'2024-11-15','Parc*nagumo-vila',NULL,NULL,145.98,2,0,'PM',0,'2024-12-17 22:17:01','2025-01-04 02:39:21'),(474,8,12,1,'2024-11-25','Parc*ebn*spotify',NULL,NULL,302.72,4,1,'PM',0,'2024-12-17 22:18:17','2025-03-01 20:23:15'),(475,8,8,1,'2024-11-27','Suzanmi-baza-ct Pa',NULL,NULL,153.38,2,1,'PM',0,'2024-12-17 22:19:24','2025-01-06 16:09:30'),(476,8,7,1,'2024-11-27','Lojas Renner-ct 2702 (meias)',NULL,NULL,211.62,3,0,'PM',0,'2024-12-17 22:20:23','2025-02-03 10:50:35'),(477,8,7,1,'2024-11-27','Centauro - C-ct 7 (tenis bia)',NULL,NULL,319.98,3,0,'PM',0,'2024-12-17 22:21:17','2025-02-03 10:50:35'),(478,8,7,2,'2024-11-26','Dafiti *459455655902',NULL,NULL,240.00,4,0,'PM',0,'2024-12-17 22:22:26','2025-03-01 20:23:15'),(479,8,11,1,'2024-12-04','Petlove Saud*petlove S',NULL,NULL,1132.92,12,1,'PP',0,'2024-12-17 22:23:30','2024-12-17 22:23:30'),(480,8,11,2,'2024-11-28','Usaflex Eldo-ct',NULL,NULL,300.00,2,0,'PM',0,'2024-12-17 22:24:14','2025-01-06 16:09:26'),(481,8,2,1,'2024-11-29','Assai Atacad-ct',NULL,NULL,70.63,1,0,'PM',0,'2024-12-17 22:24:41','2025-01-04 02:39:37'),(482,8,7,1,'2024-11-29','Insider Come*insid',NULL,NULL,152.04,3,0,'PM',0,'2024-12-17 22:25:15','2025-03-01 20:23:15'),(483,8,2,1,'2024-11-30','Nagumo- Vila-ct Za',NULL,NULL,83.70,1,0,'PM',0,'2024-12-17 22:25:45','2025-01-04 02:39:41'),(484,8,3,1,'2024-12-02','Alura',NULL,NULL,912.00,12,0,'PP',0,'2024-12-17 22:26:22','2024-12-17 22:26:22'),(486,8,11,1,'2024-12-02','Clinica Paio-ct',NULL,NULL,330.00,2,1,'PM',0,'2024-12-17 22:28:50','2025-02-03 10:50:35'),(487,8,11,1,'2024-12-03','Clinica Veterinaria He',NULL,NULL,75.00,1,1,'PM',0,'2024-12-17 22:29:13','2025-01-06 16:09:19'),(488,8,6,1,'2024-12-03','Datacity Ser*zona Azul',NULL,NULL,6.00,1,0,'PM',0,'2024-12-17 22:29:36','2025-01-04 02:39:47'),(489,8,9,1,'2024-12-03','Drogasil 406-ct (bug)',NULL,NULL,99.76,1,1,'PM',0,'2024-12-17 22:30:43','2025-01-06 16:09:18'),(490,8,4,1,'2024-12-04','Microsoft*xbox',NULL,NULL,30.00,1,0,'PM',0,'2024-12-17 22:31:04','2025-01-04 02:39:57'),(491,8,6,1,'2024-12-04','Master Auto -ct S (Óleo)',NULL,NULL,201.20,2,0,'PM',0,'2024-12-17 22:31:46','2025-02-03 10:50:35'),(493,8,11,1,'2024-12-06','Parc*cardinale&-ct',NULL,'Ultrassom bug',278.60,4,1,'PM',0,'2024-12-17 22:34:28','2025-04-01 11:40:25'),(494,8,9,1,'2024-12-07','Drogaria Sao-ct Lo (Heitor)',NULL,NULL,93.82,2,1,'PM',0,'2024-12-17 22:35:11','2025-02-03 10:50:35'),(495,8,2,1,'2024-12-08','Suzano -ct',NULL,NULL,70.96,1,0,'PM',0,'2024-12-17 22:35:49','2025-01-04 02:40:07'),(496,8,9,1,'2024-12-08','Drogaria Sao-ct Lo (Heitor)',NULL,NULL,114.14,2,1,'PM',0,'2024-12-17 22:36:33','2025-02-03 10:50:35'),(498,8,11,1,'2024-12-10','Villa Dog -ct (bug)',NULL,NULL,60.00,1,1,'PM',0,'2024-12-17 22:37:56','2025-01-06 16:09:14'),(499,8,5,1,'2024-12-10','Obramax (Lus cozinha)',NULL,NULL,64.80,1,0,'PM',0,'2024-12-17 22:38:40','2025-01-04 02:40:12'),(500,8,2,1,'2024-12-14','Adega Kamui -ct',NULL,NULL,48.00,1,0,'PM',0,'2024-12-17 22:39:01','2025-01-04 02:40:14'),(501,8,11,1,'2024-12-02','Mitsuhoshi D-ct Ibuido (Grampet ração)',NULL,NULL,99.90,1,1,'PM',0,'2024-12-17 22:43:46','2025-01-06 16:09:13'),(502,8,11,1,'2024-12-09','Parc*mitsuhoshid-c (casa bug)',NULL,NULL,168.96,2,1,'PM',0,'2024-12-17 22:54:24','2025-02-03 10:50:35'),(503,8,6,1,'2024-12-12','Posto atacadão',NULL,NULL,156.00,2,0,'PM',0,'2024-12-26 21:31:08','2025-02-03 10:50:35'),(504,8,2,1,'2024-12-18','Assai atacadista',NULL,NULL,97.39,1,0,'PM',0,'2024-12-26 21:31:53','2025-01-04 02:40:25'),(505,8,8,1,'2024-12-23','Acessórios gli película',NULL,NULL,30.00,1,0,'PM',0,'2024-12-26 21:32:59','2025-01-04 02:40:24'),(506,8,8,2,'2024-12-23','Acessórios gli película-capinha',NULL,NULL,60.00,1,0,'PM',0,'2024-12-26 21:33:35','2025-01-06 16:09:10'),(507,8,1,1,'2024-12-23','Miamor brinquedos',NULL,NULL,141.86,2,1,'PM',0,'2024-12-26 21:34:42','2025-02-03 10:50:35'),(508,4,6,1,'2025-01-15','IPVA 1',NULL,NULL,154.00,1,0,'PM',0,'2024-12-29 22:14:47','2025-01-18 08:30:45'),(509,4,6,1,'2025-02-15','IPVA 2',NULL,NULL,154.00,1,0,'PP',0,'2024-12-29 22:15:14','2024-12-29 22:15:14'),(510,4,6,1,'2025-03-15','IPVA 3',NULL,NULL,154.00,1,0,'PP',0,'2024-12-29 22:15:51','2024-12-29 22:15:51'),(511,4,6,1,'2025-04-15','IPVA 4',NULL,NULL,154.00,1,0,'PP',0,'2024-12-29 22:16:16','2024-12-29 22:16:16'),(512,4,6,1,'2025-05-15','IPVA 5',NULL,NULL,154.00,1,0,'PM',0,'2024-12-29 22:16:43','2025-05-02 11:39:24'),(513,8,1,1,'2025-01-04','Papelaria material Heitor',NULL,NULL,400.00,3,1,'PP',0,'2024-12-29 22:18:23','2025-01-02 00:03:41'),(514,8,11,1,'2024-12-28','Villa dog',NULL,NULL,90.00,1,1,'PM',0,'2024-12-30 15:36:54','2025-01-06 16:09:08'),(515,8,2,2,'2024-12-30','Assai compras natal',NULL,NULL,214.94,2,0,'PM',0,'2024-12-30 19:29:36','2025-02-03 10:50:35'),(517,8,6,1,'2024-12-31','Posto atacadão',NULL,NULL,50.00,1,0,'PM',0,'2025-01-04 02:46:44','2025-02-03 10:50:35'),(518,8,11,1,'2024-12-31','Comercial mitsuhoshi grampet',NULL,NULL,143.60,2,1,'PM',0,'2025-01-04 02:48:03','2025-03-01 20:23:15'),(519,8,2,1,'2024-12-31','Primos',NULL,NULL,32.09,1,0,'PM',0,'2025-01-04 02:48:45','2025-02-03 10:50:35'),(520,8,6,2,'2025-01-04','Zona azul notific',NULL,NULL,20.00,1,0,'PM',0,'2025-01-05 21:31:08','2025-02-03 10:50:35'),(521,8,3,1,'2025-01-04','Amazon material escolar',NULL,NULL,86.13,1,1,'PM',0,'2025-01-05 21:32:10','2025-02-03 10:50:35'),(522,8,7,1,'2025-01-06','Torra torra Heitor',NULL,NULL,158.96,2,1,'PM',0,'2025-01-06 22:52:41','2025-03-01 20:23:15'),(523,8,5,2,'2025-01-07','Madeira e madeira',NULL,'4 Cadeiras',686.61,10,0,'PP',0,'2025-01-09 00:14:46','2025-03-05 18:08:29'),(524,8,7,2,'2025-01-08','Torra torra (dia da troca)',NULL,NULL,40.00,1,0,'PM',0,'2025-01-09 00:15:58','2025-02-03 10:50:35'),(525,8,7,1,'2025-01-08','Torra torra (dia da troca)',NULL,NULL,20.00,1,0,'PM',0,'2025-01-09 00:16:22','2025-02-03 10:50:35'),(526,8,7,1,'2025-01-10','Torra torra 2* troca',NULL,NULL,117.00,2,1,'PM',0,'2025-01-13 09:29:48','2025-03-01 20:23:15'),(527,8,6,1,'2025-01-11','Posto atacadão',NULL,NULL,50.00,1,0,'PM',0,'2025-01-13 09:30:25','2025-02-03 10:50:35'),(528,8,1,1,'2025-01-11','Kids 4 fun shopping bolinhas',NULL,NULL,45.00,1,0,'PM',0,'2025-01-13 09:31:36','2025-02-03 10:50:35'),(529,8,2,1,'2025-01-11','Hiper davó',NULL,NULL,260.00,4,1,'PM',0,'2025-01-13 09:32:37','2025-05-02 11:36:23'),(530,8,5,1,'2025-01-11','Amazon',NULL,'Cafeteira',180.00,3,1,'PM',0,'2025-01-13 09:33:46','2025-04-01 11:40:25'),(531,8,2,1,'2025-01-01','Parcelamento atacadão',NULL,NULL,148.78,2,0,'PM',0,'2025-01-13 09:37:28','2025-03-01 20:23:15'),(532,8,3,1,'2025-01-13','Lumbini UNIFORME  1° lote',NULL,NULL,685.00,6,1,'PM',0,'2025-01-13 10:21:42','2025-07-01 21:17:18'),(534,8,1,1,'2025-01-13','Shopping mogi supercars(Heitor)',NULL,NULL,35.00,1,1,'PM',0,'2025-01-14 14:07:49','2025-02-03 10:50:35'),(535,8,1,1,'2025-01-13','Shopping mogi estacion...',NULL,NULL,15.00,1,0,'PM',0,'2025-01-14 14:08:38','2025-02-03 10:50:35'),(536,8,6,1,'2025-01-17','Posto atacadão',NULL,NULL,100.00,1,0,'PM',0,'2025-01-18 08:29:46','2025-02-03 10:50:35'),(537,8,6,1,'2025-01-17','Posto atacadão',NULL,NULL,106.95,3,0,'PM',0,'2025-01-20 11:15:38','2025-04-01 11:40:25'),(538,8,4,1,'2025-01-18','baloesa (Sorocaba)',NULL,NULL,30.00,1,1,'PM',0,'2025-01-20 11:17:56','2025-02-03 10:50:35'),(539,8,4,1,'2025-01-18','mp * diferentaolan (Sorocaba)',NULL,NULL,25.00,1,1,'PM',0,'2025-01-20 11:18:34','2025-02-03 10:50:35'),(540,8,4,1,'2025-01-18','Alexandracelestin (Sorocaba)',NULL,NULL,20.00,1,1,'PM',0,'2025-01-20 11:19:17','2025-02-03 10:50:35'),(541,8,4,1,'2025-01-18','helen hubo al (Sorocaba)',NULL,NULL,17.50,1,1,'PM',0,'2025-01-20 11:19:54','2025-02-03 10:50:35'),(543,8,2,1,'2025-01-19','Marciasantos Pizza',NULL,NULL,60.00,1,1,'PM',0,'2025-01-20 11:23:31','2025-02-03 10:50:35'),(544,8,6,1,'2025-01-19','Posto gas. Sorocaba',NULL,NULL,106.92,3,0,'PM',0,'2025-01-22 09:06:11','2025-04-01 11:40:25'),(545,4,8,1,'2025-01-28','Vivo controle celular',NULL,NULL,440.00,11,0,'PP',0,'2025-01-22 20:45:07','2025-01-22 20:45:07'),(546,4,6,1,'2024-12-31','IPVA Fiesta',NULL,NULL,770.00,5,0,'PM',0,'2025-01-22 20:48:24','2025-05-02 11:39:22'),(550,2,6,1,'2025-02-20','Abreu pneus','Kb de Abreu P e Ace Au',NULL,1575.00,6,0,'PM',0,'2025-01-27 21:45:33','2025-08-04 17:10:59'),(551,2,2,1,'2025-02-20','Assai atacadista',NULL,NULL,59.00,1,0,'PM',0,'2025-01-27 21:48:24','2025-03-01 20:23:15'),(552,2,6,1,'2025-02-25','Obramax',NULL,NULL,85.45,1,0,'PM',0,'2025-01-31 01:14:42','2025-03-01 20:23:15'),(553,2,2,1,'2025-02-25','Assai atacadista',NULL,NULL,64.50,1,0,'PM',0,'2025-01-31 01:15:10','2025-03-01 20:23:15'),(554,2,2,1,'2025-02-25','Assai atacadista',NULL,NULL,37.59,1,0,'PM',0,'2025-01-31 01:15:36','2025-03-01 20:23:15'),(555,2,11,1,'2025-02-25','Mitsuhoshi grampet',NULL,NULL,81.00,1,1,'PM',0,'2025-01-31 01:16:29','2025-03-01 20:23:15'),(556,2,2,1,'2025-02-21','Nagumo',NULL,NULL,72.31,1,0,'PM',0,'2025-01-31 13:12:05','2025-03-01 20:23:15'),(557,2,3,2,'2025-02-21','Lumbini 2° uniforme','Pg Wix Lumbini Store',NULL,230.00,4,0,'PM',0,'2025-01-31 14:41:16','2025-06-02 15:25:09'),(558,2,5,1,'2025-02-21','Vivo internet fibra',NULL,NULL,149.37,1,0,'PM',0,'2025-01-31 14:58:00','2025-03-01 20:23:15'),(559,2,8,1,'2025-02-21','Vivo controle celular',NULL,NULL,39.16,1,0,'PM',0,'2025-01-31 14:58:36','2025-03-01 20:23:15'),(560,2,5,1,'2025-02-21','EDP energia',NULL,NULL,203.16,1,0,'PM',0,'2025-01-31 14:59:00','2025-03-01 20:23:15'),(561,2,6,1,'2025-02-21','Ipva 2° parte parcelado','COORD ADM FINANCEIRA CAF',NULL,170.07,4,0,'PM',0,'2025-02-01 11:47:38','2025-06-02 15:25:09'),(563,2,6,1,'2025-02-21','Mercado livre','Mercado livre Dvmultili',NULL,103.14,2,0,'PM',0,'2025-02-02 11:01:24','2025-04-01 11:40:25'),(565,8,1,1,'2025-01-31','Pernambucanas',NULL,'Toalhas',311.94,3,1,'PM',0,'2025-02-03 11:20:27','2025-05-02 11:36:23'),(566,8,8,2,'2025-01-31','Amazon livro',NULL,NULL,11.99,1,0,'PM',0,'2025-02-03 11:20:56','2025-03-01 20:23:15'),(567,3,7,2,'2025-01-11','Pernambucanas',NULL,NULL,245.96,4,0,'PM',0,'2025-02-03 11:23:16','2025-05-15 23:05:41'),(568,3,7,2,'2025-01-23','Magazine Torra Torra',NULL,NULL,189.96,3,0,'PM',0,'2025-02-03 11:24:08','2025-04-21 21:42:22'),(569,3,11,2,'2025-01-24','Villa Dog (vacina)',NULL,NULL,140.00,1,1,'PM',0,'2025-02-03 11:25:18','2025-02-17 21:49:40'),(570,3,2,2,'2025-01-24','Nagumo (pão e frios)',NULL,NULL,64.44,1,1,'PM',0,'2025-02-03 11:26:21','2025-02-17 21:49:40'),(571,3,8,1,'2025-01-31','Digital ocean',NULL,NULL,37.53,1,0,'PM',0,'2025-02-03 11:27:02','2025-02-17 21:49:40'),(572,8,1,1,'2025-02-03','Corte cabelo Heitor',NULL,NULL,45.00,1,1,'PM',0,'2025-02-03 22:48:08','2025-03-01 20:23:15'),(573,2,6,1,'2025-02-06','Vivi autopeças',NULL,NULL,363.00,3,0,'PM',0,'2025-02-10 12:32:13','2025-05-02 11:36:23'),(574,2,6,1,'2025-02-06','Loja do mecânico',NULL,NULL,28.90,1,0,'PM',0,'2025-02-10 12:32:36','2025-03-01 20:23:15'),(575,2,6,1,'2025-02-06','Noguti autopeças','Pronto Noguti  Auto Pe',NULL,270.69,3,0,'PM',0,'2025-02-10 12:33:29','2025-05-02 11:36:23'),(576,8,11,1,'2025-02-10','Villa Dog   -ct',NULL,NULL,55.00,1,1,'PM',0,'2025-02-13 13:03:57','2025-03-01 20:23:15'),(577,8,7,2,'2025-02-05','Suzano Shopp-ct Ha',NULL,'Havaianas aniversário',130.98,2,0,'PM',0,'2025-02-13 13:05:16','2025-04-01 11:40:25'),(578,8,1,1,'2025-02-05','Vidafarma Su-ct (fralda pisc)',NULL,NULL,57.98,1,1,'PM',0,'2025-02-13 13:06:12','2025-03-01 20:23:15'),(579,8,1,1,'2025-02-05','Suzanmi-baza-ct Papela (colete bóia)',NULL,NULL,64.47,1,1,'PM',0,'2025-02-13 13:06:53','2025-03-01 20:23:15'),(580,8,4,1,'2025-02-07','Parc*postoatacad-c (sorocaba)',NULL,NULL,216.48,3,0,'PM',0,'2025-02-13 13:08:06','2025-05-02 11:36:23'),(581,8,6,1,'2025-02-05','Parc*postoatacad-c (teste gasolina)',NULL,NULL,106.00,2,0,'PM',0,'2025-02-13 13:08:46','2025-04-01 11:40:25'),(582,8,2,1,'2025-02-07','Parc*assaiatacad-c (sorocaba)',NULL,NULL,107.32,2,0,'PM',0,'2025-02-13 13:09:51','2025-04-01 11:40:25'),(584,11,5,1,'2025-03-01','Imposto iptu',NULL,NULL,892.90,10,0,'PP',0,'2025-02-20 00:47:14','2025-03-01 20:23:15'),(585,8,6,1,'2025-02-22','Master auto','Total latas',NULL,81.40,1,0,'PM',0,'2025-02-24 11:44:33','2025-02-24 11:44:33'),(586,8,2,1,'2025-02-22','Nagumo',NULL,NULL,50.79,1,0,'PM',0,'2025-02-24 11:45:02','2025-02-24 11:45:02'),(587,8,2,1,'2025-02-22','Max fast gas ct',NULL,'Lanche Max feffer',58.00,1,1,'PM',0,'2025-02-24 11:48:19','2025-03-01 20:23:15'),(588,8,2,1,'2025-02-22','mr3 sorvetes',NULL,NULL,48.50,1,1,'PM',0,'2025-02-24 11:49:04','2025-03-01 20:23:15'),(589,8,6,1,'2025-02-22','scp estacionamento',NULL,NULL,21.00,1,0,'PM',0,'2025-02-24 11:49:40','2025-02-24 11:49:40'),(590,8,1,1,'2025-02-22','Lojas americanas',NULL,'Brinquedos shopping mogi',89.98,1,0,'PM',0,'2025-02-24 11:50:34','2025-02-24 11:50:34'),(591,8,6,1,'2025-02-23','scp estacionamento',NULL,NULL,15.00,1,0,'PM',0,'2025-02-24 11:51:07','2025-02-24 11:51:07'),(592,8,2,1,'2025-02-23','gcp comercio alimentos','Mac donalds','Visita hospital',147.00,1,1,'PM',0,'2025-02-24 11:53:10','2025-03-01 20:23:15'),(593,8,2,1,'2025-02-23','Nagumo',NULL,NULL,69.55,1,0,'PM',0,'2025-02-24 11:53:41','2025-02-24 11:53:41'),(594,2,1,1,'2025-02-25','Forlove Presentes',NULL,'Fantasia homem aranha',50.00,1,1,'PM',0,'2025-02-28 19:28:43','2025-04-01 11:40:25'),(595,2,4,1,'2025-02-25','RecantoMac',NULL,NULL,190.00,1,1,'PM',0,'2025-02-28 19:30:22','2025-04-01 11:40:25'),(596,2,11,1,'2025-02-25','Villa Dog',NULL,NULL,55.00,1,1,'PM',0,'2025-02-28 19:30:57','2025-04-01 11:40:25'),(597,2,1,1,'2025-02-26','Drogaria São Paulo','0780 Suzano li',NULL,43.98,1,0,'PM',0,'2025-02-28 19:35:04','2025-02-28 19:35:04'),(598,2,2,1,'2025-02-26','Nagumo- Vila Mazza',NULL,'completou VR',8.11,1,0,'PM',0,'2025-02-28 19:35:59','2025-02-28 19:35:59'),(599,2,1,1,'2025-02-27','Assai Atacadista',NULL,'Fraldas',169.77,1,0,'PM',0,'2025-02-28 19:36:42','2025-02-28 19:36:42'),(600,3,8,1,'2025-03-01','Digitaloceab',NULL,NULL,37.03,1,0,'PM',0,'2025-03-03 14:50:15','2025-03-03 14:50:15'),(601,2,2,1,'2025-03-01','Adega c moura',NULL,NULL,48.00,1,0,'PM',0,'2025-03-03 17:52:29','2025-03-03 17:52:29'),(602,2,2,1,'2025-03-01','Atacadão 732',NULL,NULL,24.72,1,0,'PM',0,'2025-03-03 17:53:55','2025-03-03 17:53:55'),(603,8,2,1,'2025-02-01','Ifood *ifd*suzan poi',NULL,'Habibs',57.88,1,1,'PM',0,'2025-03-04 14:29:49','2025-03-18 18:51:42'),(604,8,2,1,'2025-03-01','Ifood *ifd*suzan poi',NULL,'habibs',57.88,1,1,'PM',0,'2025-03-04 14:31:15','2025-04-01 11:40:25'),(605,3,1,2,'2025-01-13','Cea mochila','Ca modas ltda. cea-742','Mochila Heitor',217.50,3,0,'PP',0,'2025-03-04 14:37:19','2025-03-18 18:51:42'),(606,2,6,1,'2025-03-01','Posto atacadão',NULL,'Recanto mac',100.00,1,0,'PM',0,'2025-03-04 17:35:57','2025-03-04 17:35:57'),(607,15,8,2,'2025-02-27','Casas Bahia online',NULL,'Iphone + carregador',5220.00,24,0,'PP',0,'2025-03-05 17:38:08','2025-03-18 18:51:42'),(608,2,11,2,'2025-03-05','Villa Dog',NULL,NULL,110.00,1,1,'PM',0,'2025-03-05 17:59:30','2025-04-01 11:40:25'),(609,2,11,1,'2025-03-09','Mitsuhoshi Distribuido','Grampet','Tapete',61.00,1,1,'PM',0,'2025-03-11 12:50:30','2025-04-01 11:40:25'),(610,8,8,1,'2025-03-08','Cacau Show',NULL,NULL,95.97,1,0,'PM',0,'2025-03-11 12:53:04','2025-03-11 12:53:04'),(611,2,6,1,'2025-03-13','Posto atacadão',NULL,NULL,50.00,1,0,'PM',0,'2025-03-13 21:43:38','2025-03-13 21:43:38'),(612,2,2,1,'2025-03-13','Atadão',NULL,NULL,138.02,1,0,'PM',0,'2025-03-13 21:45:13','2025-03-13 21:45:13'),(613,3,5,1,'2025-03-13','Tapeçaria','FrancisDo','Sofá',1100.00,4,1,'PM',0,'2025-03-13 21:49:46','2025-07-21 15:57:06'),(614,8,5,1,'2025-03-12','Mercado livre* leito',NULL,'Fatiador',167.19,3,0,'PM',0,'2025-03-13 21:58:53','2025-06-10 20:47:57'),(615,8,1,1,'2025-03-15','Game station',NULL,'Aniv. HEITOR',829.08,12,1,'PP',0,'2025-03-18 10:06:40','2025-04-01 11:40:25'),(616,8,2,1,'2025-03-15','Atacadao',NULL,NULL,61.69,1,0,'PM',0,'2025-03-18 10:07:29','2025-03-18 10:07:29'),(617,8,6,1,'2025-03-16','Autopostovila',NULL,'Posto rua caboclo',100.00,1,0,'PM',0,'2025-03-18 10:08:41','2025-03-18 10:08:41'),(618,8,9,1,'2025-03-17','Drogaria são paulo sa',NULL,'Remédios Heitor',98.98,1,1,'PM',0,'2025-03-18 10:09:51','2025-04-01 11:40:25'),(620,8,6,1,'2025-03-20','Obramax',NULL,NULL,38.28,1,0,'PM',0,'2025-03-24 11:27:14','2025-03-24 11:27:14'),(621,8,1,2,'2025-03-20','amafiababerkis',NULL,'Heitor corte cabelo',45.00,1,0,'PM',0,'2025-03-24 11:28:09','2025-03-24 11:28:09'),(622,8,2,1,'2025-03-20','Supermercado',NULL,NULL,11.17,1,0,'PM',0,'2025-03-24 11:28:51','2025-03-24 11:28:51'),(623,8,2,1,'2025-03-21','Assai atacadista',NULL,NULL,13.21,1,0,'PM',0,'2025-03-24 11:29:37','2025-03-24 11:29:37'),(624,8,2,1,'2025-03-21','Nagumo- Vila Mazza',NULL,NULL,52.53,1,0,'PM',0,'2025-03-24 11:30:02','2025-03-24 11:30:02'),(625,8,4,1,'2025-03-21','Atacadão',NULL,'Coisas do sitio itu',84.55,1,1,'PM',0,'2025-03-24 11:31:11','2025-04-01 11:40:25'),(627,8,2,1,'2025-03-21','Assai atacadista',NULL,'Cerveja sítio',96.77,1,0,'PM',0,'2025-03-24 11:34:48','2025-03-24 11:34:48'),(628,8,2,1,'2025-03-23','Nagumo- Vila Mazza',NULL,NULL,56.73,1,0,'PM',0,'2025-03-24 11:35:14','2025-03-24 11:35:14'),(629,8,2,1,'2025-03-23','mp*marciasantos','pizza uhalla',NULL,55.99,1,1,'PM',0,'2025-03-24 11:36:55','2025-04-01 11:40:25'),(630,3,5,1,'2025-03-14','Clean higienização',NULL,'Sofá',209.90,2,1,'PM',0,'2025-03-25 22:23:39','2025-05-15 23:05:41'),(632,8,2,1,'2025-03-26','Nagumo',NULL,NULL,13.16,1,0,'PM',0,'2025-03-27 10:11:37','2025-03-27 10:11:37'),(633,8,11,1,'2025-03-24','Grampet','Comercial mitsuhoshi',NULL,53.30,1,1,'PM',0,'2025-03-31 13:17:11','2025-04-01 11:40:25'),(634,8,2,1,'2025-03-24','Nagumo',NULL,NULL,13.16,1,0,'PM',0,'2025-03-31 13:17:44','2025-03-31 13:17:44'),(635,8,2,1,'2025-03-24','Nagumo',NULL,NULL,16.96,1,0,'PM',0,'2025-03-31 13:18:03','2025-03-31 13:18:03'),(636,8,9,1,'2025-03-29','Drogaria são paulo',NULL,NULL,213.66,2,1,'PM',0,'2025-03-31 13:19:02','2025-05-02 11:36:23'),(637,8,2,1,'2025-03-30','Atacadão',NULL,NULL,45.40,1,0,'PM',0,'2025-03-31 13:19:59','2025-03-31 13:19:59'),(638,8,6,1,'2025-03-24','Autopostovila',NULL,NULL,110.74,2,0,'PM',0,'2025-03-31 13:37:00','2025-05-02 11:36:23'),(639,8,6,1,'2025-03-24','Parc. postoatacadao',NULL,'Sitio gasolina',221.48,4,0,'PM',0,'2025-03-31 13:42:50','2025-07-01 21:17:18'),(640,8,6,1,'2025-04-04','Auto posto suzan peças',NULL,NULL,100.00,1,0,'PM',0,'2025-04-07 22:47:40','2025-04-07 22:47:40'),(641,8,8,1,'2025-04-06','Produtos globo',NULL,NULL,358.80,12,0,'PP',0,'2025-04-07 22:48:49','2025-05-02 11:36:23'),(642,8,2,1,'2025-04-06','Assai atacadista',NULL,NULL,195.73,1,1,'PM',0,'2025-04-07 22:49:27','2025-05-02 11:36:23'),(643,8,1,1,'2025-04-07','Luan enfeites',NULL,'Kit festa',149.90,1,1,'PM',0,'2025-04-07 22:50:32','2025-05-02 11:36:23'),(644,8,7,1,'2025-04-07','Magazine torra torra',NULL,NULL,221.88,2,1,'PM',0,'2025-04-07 22:51:13','2025-06-10 20:47:57'),(645,8,2,2,'2025-04-14','Atacadão',NULL,'Ovos de Páscoa (3x160,18)',278.35,3,0,'PM',0,'2025-04-16 01:45:01','2025-07-01 21:17:18'),(646,8,1,1,'2025-04-14','Atacadão',NULL,'Doces festa Heitor (3x160,18)',202.15,3,1,'PM',0,'2025-04-16 01:46:48','2025-07-01 21:17:18'),(647,8,8,1,'2025-04-02','Ec ecmelimais',NULL,NULL,24.90,1,0,'PM',0,'2025-04-17 12:12:06','2025-04-17 12:12:06'),(648,8,6,1,'2025-04-08','Mercadolivre',NULL,'calota',78.99,1,0,'PM',0,'2025-04-17 12:20:31','2025-04-17 12:20:31'),(649,8,2,1,'2025-04-11','Assai atacadista',NULL,NULL,60.50,1,0,'PM',0,'2025-04-17 12:22:03','2025-04-17 12:22:03'),(650,8,2,1,'2025-04-15','Assai atacadista',NULL,NULL,17.35,1,0,'PM',0,'2025-04-17 12:24:29','2025-04-17 12:24:29'),(651,8,11,1,'2025-04-16','Grampet','Mitsuhoshi D-ct Ibuido',NULL,87.00,1,1,'PM',0,'2025-04-17 12:25:12','2025-05-02 11:36:23'),(652,3,1,1,'2025-04-21','Bom sabor',NULL,'Salgado festa',387.56,3,1,'PM',0,'2025-04-21 19:03:58','2025-07-21 15:57:06'),(653,8,6,1,'2025-04-16','Total latas',NULL,NULL,39.55,1,0,'PM',0,'2025-04-21 21:51:07','2025-04-21 21:51:07'),(654,8,6,1,'2025-04-16','Datacity',NULL,'Zona azuk',6.00,1,0,'PM',0,'2025-04-21 21:51:36','2025-04-21 21:51:36'),(655,8,7,1,'2025-04-16','Caedu',NULL,'Conjuntos Heitor',224.96,2,0,'PM',0,'2025-04-21 21:52:32','2025-06-10 20:47:57'),(656,8,2,1,'2025-04-20','Hiper davó',NULL,'Ferreiro roche',37.90,1,0,'PM',0,'2025-04-21 21:53:42','2025-04-21 21:53:42'),(657,8,2,1,'2025-04-20','Hiper davó',NULL,'Ferreiro roche',37.90,1,0,'PM',0,'2025-04-21 21:53:42','2025-04-21 21:53:42'),(658,8,1,1,'2025-04-20','Drogaria são paulo',NULL,'Pomada e soro fisiologico',47.68,1,1,'PM',0,'2025-04-21 21:54:21','2025-05-02 11:36:23'),(659,8,2,1,'2025-05-15','Assai atacadista',NULL,NULL,17.35,1,0,'PM',0,'2025-05-02 11:03:02','2025-05-02 11:03:02'),(660,8,2,1,'2025-04-15','Assai atacadista',NULL,NULL,17.35,1,0,'PM',0,'2025-05-02 11:05:05','2025-05-02 11:05:05'),(661,8,11,1,'2025-04-24','Mitsuhoshi grampet','Grampet',NULL,61.00,1,1,'PM',0,'2025-05-02 11:16:07','2025-05-02 11:36:23'),(662,8,2,1,'2025-04-24','Assai atacadista',NULL,NULL,63.24,1,0,'PM',0,'2025-05-02 11:20:05','2025-05-02 11:20:05'),(663,8,6,1,'2025-04-24','Posto gasolina','Marcos sandr- ct',NULL,100.00,1,0,'PM',0,'2025-05-02 11:21:21','2025-05-02 11:21:21'),(664,8,9,1,'2025-04-24','Drogaria sao paulo',NULL,NULL,57.67,1,0,'PM',0,'2025-05-02 11:22:07','2025-05-02 11:22:07'),(665,8,4,1,'2025-04-25','Socio torcedor',NULL,NULL,1128.00,12,0,'PP',0,'2025-05-02 11:23:38','2025-05-02 11:36:23'),(666,2,2,1,'2025-03-26','Ifood5750',NULL,NULL,57.50,1,0,'PM',0,'2025-05-05 12:50:13','2025-05-05 12:50:13'),(667,2,1,1,'2025-04-27','MarioVicente',NULL,'Brigadeiros',241.58,2,1,'PM',0,'2025-05-05 12:51:30','2025-07-01 21:17:18'),(668,2,2,1,'2025-04-27','Assai atacadista',NULL,NULL,123.82,1,0,'PM',0,'2025-05-05 12:52:07','2025-05-05 12:52:07'),(669,2,6,1,'2025-04-29','Mercadocar',NULL,NULL,429.12,4,0,'PP',0,'2025-05-05 12:52:53','2025-06-02 15:25:09'),(670,2,6,1,'2025-04-29','Obramax',NULL,NULL,81.49,1,0,'PM',0,'2025-05-05 12:53:33','2025-05-05 12:53:33'),(671,2,6,1,'2025-04-29','Loja do mecanico',NULL,NULL,92.90,2,0,'PM',0,'2025-05-05 12:54:09','2025-07-01 21:17:18'),(672,2,2,1,'2025-05-29','Suzano',NULL,NULL,29.90,1,0,'PM',0,'2025-05-05 12:54:44','2025-05-05 12:54:44'),(673,2,6,1,'2025-04-30','Master auto latas',NULL,NULL,7.70,1,0,'PM',0,'2025-05-05 12:55:09','2025-05-05 12:55:09'),(674,2,2,1,'2025-04-30','Pizza wualla',NULL,NULL,60.00,1,1,'PM',0,'2025-05-05 12:55:53','2025-06-02 15:25:09'),(675,2,2,1,'2025-05-02','Nagumo',NULL,NULL,42.31,1,0,'PM',0,'2025-05-05 12:56:35','2025-05-05 12:56:35'),(676,2,2,1,'2025-04-27','Ifood',NULL,NULL,57.50,1,0,'PM',0,'2025-05-05 12:59:03','2025-05-05 12:59:03'),(677,2,2,1,'2025-04-29','Suzano',NULL,NULL,29.90,1,0,'PM',0,'2025-05-05 13:01:28','2025-05-05 13:01:28'),(678,8,6,1,'2025-05-06','Prudente baterias',NULL,'Bateria do carro',508.00,5,0,'PP',0,'2025-05-06 20:52:44','2025-06-10 20:47:57'),(679,8,8,1,'2025-05-09','Vidi investidor 10',NULL,NULL,238.80,12,0,'PP',0,'2025-05-12 13:15:10','2025-06-10 20:47:57'),(680,2,2,1,'2025-05-10','Ifd Aop Express','Aop salgados',NULL,67.00,1,1,'PM',0,'2025-05-12 13:17:04','2025-06-02 15:25:09'),(681,3,8,1,'2025-05-09','Digital ocesn',NULL,NULL,35.91,1,0,'PM',0,'2025-05-13 10:40:56','2025-05-13 10:40:56'),(682,8,11,1,'2025-05-12','Vila dog','Marcos sandro',NULL,55.00,1,1,'PM',0,'2025-05-15 22:58:33','2025-06-10 20:47:57'),(683,8,6,1,'2025-05-21','Tokio seguros',NULL,NULL,1589.88,12,0,'PP',0,'2025-05-15 23:05:14','2025-06-10 20:47:57'),(684,8,2,1,'2025-05-17','Pizza walla',NULL,NULL,60.00,1,1,'PM',0,'2025-05-21 23:08:55','2025-06-10 20:47:57'),(685,8,2,1,'2025-05-18','Atacadão',NULL,NULL,253.17,3,0,'PM',0,'2025-05-21 23:09:37','2025-08-04 17:11:00'),(686,8,2,1,'2025-05-22','Nagumo',NULL,NULL,39.78,1,0,'PM',0,'2025-05-27 10:08:28','2025-05-27 10:08:28'),(687,8,2,1,'2025-05-23','Assai atac',NULL,NULL,56.17,1,0,'PM',0,'2025-05-27 10:09:14','2025-05-27 10:09:14'),(688,8,2,1,'2025-05-24','Nagumo',NULL,NULL,44.74,1,0,'PM',0,'2025-05-27 10:09:54','2025-05-27 10:09:54'),(689,8,2,1,'2025-05-25','Suprmercado cr mos',NULL,NULL,26.72,1,0,'PM',0,'2025-05-27 10:10:42','2025-05-27 10:10:42'),(690,8,2,1,'2025-05-25','Toque de mestre',NULL,NULL,9.10,1,0,'PM',0,'2025-05-27 10:11:19','2025-05-27 10:11:19'),(691,8,2,1,'2025-05-25','Suprmercado ct mos',NULL,NULL,23.62,1,0,'PM',0,'2025-05-27 10:12:06','2025-05-27 10:12:06'),(692,8,2,1,'2025-05-25','Nagumo',NULL,NULL,85.10,1,0,'PM',0,'2025-05-27 10:12:41','2025-05-27 10:12:41'),(693,8,2,1,'2025-05-26','Nagumo',NULL,NULL,29.90,1,0,'PM',0,'2025-05-27 10:13:22','2025-05-27 10:13:22'),(695,2,11,1,'2025-05-27','Villa dog','Marcos Sandro de Carva','Banho bug',55.00,1,1,'PM',0,'2025-05-28 00:06:08','2025-07-01 21:17:18'),(696,8,8,2,'2025-05-29','Pix ht - Curso Umbanda',NULL,NULL,1750.92,12,0,'PP',0,'2025-06-02 15:08:35','2025-06-10 20:47:57'),(697,3,8,1,'2025-06-01','Digitalocean',NULL,NULL,36.00,1,0,'PM',0,'2025-06-02 15:18:01','2025-06-02 15:18:01'),(698,2,8,1,'2025-05-28','Lojas renner',NULL,NULL,409.90,3,0,'PP',0,'2025-06-03 12:36:24','2025-07-01 21:17:18'),(699,2,8,1,'2025-05-28','Suzanmi-bazar',NULL,NULL,6.30,1,0,'PM',0,'2025-06-03 12:37:07','2025-06-03 12:37:07'),(701,2,6,1,'2025-05-29','Datacity',NULL,NULL,6.00,1,0,'PM',0,'2025-06-03 12:38:06','2025-06-03 12:38:06'),(702,2,2,1,'2025-05-29','Restaurante pagur pouco',NULL,NULL,29.89,1,0,'PM',0,'2025-06-03 12:38:42','2025-06-03 12:38:42'),(705,2,2,1,'2025-05-31','Nagumo',NULL,NULL,26.03,1,0,'PM',0,'2025-06-03 12:40:33','2025-06-03 12:40:33'),(706,2,2,1,'2025-06-01','Padaria kipaladar',NULL,NULL,31.85,1,0,'PM',0,'2025-06-03 12:41:06','2025-06-03 12:41:06'),(707,2,2,1,'2025-06-01','Nova alabama',NULL,'Marmita Heitor',19.90,1,0,'PM',0,'2025-06-03 12:41:40','2025-06-03 12:41:40'),(709,2,2,1,'2025-06-01','Semar','Loja 01 - Glicerio',NULL,13.68,1,0,'PM',0,'2025-06-03 12:42:40','2025-06-03 12:49:34'),(710,2,8,1,'2025-05-28','Mlp netshoes',NULL,'Camisa spfc',509.98,6,0,'PP',0,'2025-06-03 12:51:27','2025-07-01 21:17:18'),(711,2,2,1,'2025-06-07','Ifood',NULL,NULL,64.99,1,1,'PM',0,'2025-06-10 01:02:30','2025-07-01 21:17:18'),(712,2,11,1,'2025-06-06','Marcos sandro de carva',NULL,'Banho bug',55.00,1,1,'PM',0,'2025-06-10 01:03:59','2025-07-01 21:17:18'),(714,2,5,1,'2025-06-08','Barracão','Suzano',NULL,93.44,2,0,'PM',0,'2025-06-10 01:06:02','2025-08-04 17:10:59'),(715,2,2,2,'2025-06-17','Ifood clube',NULL,NULL,5.95,1,0,'PM',0,'2025-06-17 12:25:00','2025-06-17 12:26:07'),(716,2,2,2,'2025-06-14','Ifood',NULL,'Hamburger',43.35,1,0,'PM',0,'2025-06-17 12:25:34','2025-06-17 12:25:34'),(717,2,6,1,'2025-06-17','Posto atacadão',NULL,NULL,116.95,5,0,'PP',0,'2025-06-17 22:36:09','2025-07-01 21:17:18'),(718,2,6,1,'2025-06-17','Posto atacadão',NULL,NULL,116.95,5,0,'PP',0,'2025-06-17 22:36:26','2025-07-01 21:17:18'),(719,2,2,1,'2025-06-17','Parcelamento Nagumo',NULL,NULL,64.46,2,0,'PM',0,'2025-06-17 22:37:31','2025-08-04 17:10:59'),(720,2,2,1,'2025-06-17','Parcelamento Assai',NULL,NULL,78.44,2,0,'PM',0,'2025-06-17 22:38:40','2025-08-04 17:10:59'),(721,2,2,1,'2025-06-17','Parcelamento Atacadão',NULL,NULL,71.28,2,0,'PM',0,'2025-06-17 22:39:53','2025-08-04 17:10:59'),(722,8,10,1,'2025-06-25','Boleto parcelado',NULL,'edp',238.23,3,0,'PP',0,'2025-06-30 11:51:56','2025-07-01 21:17:18'),(723,8,11,1,'2025-06-12','mitsuhoshi','Grampet',NULL,81.00,1,1,'PM',0,'2025-06-30 11:53:44','2025-07-01 21:17:18'),(724,8,2,1,'2025-06-13','Assai atacadista',NULL,NULL,28.30,1,0,'PM',0,'2025-06-30 11:54:14','2025-06-30 11:54:14'),(725,8,1,1,'2025-06-14','Suzami','Miamor',NULL,91.06,1,0,'PM',0,'2025-06-30 11:55:00','2025-06-30 11:55:00'),(726,8,9,1,'2025-06-14','Drogaria São Paulo',NULL,NULL,45.95,1,0,'PM',0,'2025-06-30 11:55:51','2025-06-30 11:55:51'),(727,8,9,1,'2025-06-17','Drogaria são paulo',NULL,NULL,22.99,1,0,'PM',0,'2025-06-30 11:56:12','2025-06-30 11:56:12'),(728,8,6,1,'2025-06-17','Auto posto',NULL,NULL,100.00,1,0,'PM',0,'2025-06-30 11:56:41','2025-06-30 11:56:41'),(729,8,1,1,'2025-06-19','Mp *guicheweb','Circo dos dinossauros',NULL,108.68,1,1,'PM',0,'2025-06-30 11:57:46','2025-07-01 21:17:18'),(730,8,6,1,'2025-06-19','Datacity',NULL,NULL,25.00,1,0,'PM',0,'2025-06-30 11:58:17','2025-06-30 11:58:17'),(731,8,2,1,'2025-06-20','Adega Kamui -ct',NULL,NULL,44.00,1,0,'PM',0,'2025-06-30 11:58:48','2025-06-30 11:58:48'),(732,8,2,1,'2025-06-21','Brianfelipe',NULL,'circo',30.00,1,0,'PM',0,'2025-06-30 12:00:22','2025-06-30 12:00:22'),(733,8,2,1,'2025-06-21','Express mogi',NULL,NULL,68.80,1,0,'PM',0,'2025-06-30 12:00:41','2025-06-30 12:00:41'),(734,8,2,1,'2025-06-21','Nagumo',NULL,NULL,19.45,1,0,'PM',0,'2025-06-30 12:01:06','2025-06-30 12:01:06'),(735,8,1,1,'2025-06-21','Cirdo balão',NULL,NULL,35.00,1,0,'PM',0,'2025-06-30 12:01:31','2025-06-30 12:01:31'),(736,15,2,1,'2025-06-22','Assai atacadista',NULL,NULL,95.12,1,0,'PM',0,'2025-06-30 12:02:04','2025-06-30 12:02:04'),(737,8,11,1,'2025-06-12','Mitsuhoshi D-ct Ibuido',NULL,NULL,81.00,1,1,'PM',0,'2025-06-30 12:05:51','2025-06-30 12:05:51'),(738,8,2,1,'2025-06-22','Assai atacadista',NULL,NULL,95.12,1,0,'PM',0,'2025-06-30 12:12:48','2025-06-30 12:12:48'),(739,2,1,1,'2025-06-18','Lumbini calça',NULL,NULL,145.00,2,1,'PM',0,'2025-06-30 12:30:48','2025-08-04 17:10:59'),(740,2,11,1,'2025-06-20','mitsuhoshi',NULL,NULL,61.00,1,1,'PM',0,'2025-06-30 12:31:35','2025-07-01 21:17:18'),(741,2,2,1,'2025-06-25','Atacadão',NULL,NULL,181.39,3,0,'PP',0,'2025-07-10 23:51:45','2025-08-04 17:10:59'),(742,2,9,1,'2025-06-26','Drogaria são paulo',NULL,NULL,246.19,3,1,'PP',0,'2025-07-10 23:52:47','2025-08-04 17:10:59'),(744,2,2,1,'2025-06-29','Supermercado primos',NULL,NULL,55.39,1,0,'PM',0,'2025-07-10 23:54:56','2025-07-10 23:54:56'),(745,2,2,1,'2025-06-30','Colégio lumbini',NULL,NULL,12.00,1,0,'PM',0,'2025-07-10 23:55:27','2025-07-10 23:55:27'),(746,2,11,1,'2025-07-02','Marcos Sandro de carva',NULL,'Banho bug',117.00,1,1,'PM',0,'2025-07-10 23:56:25','2025-08-04 17:10:59'),(748,2,2,1,'2025-07-02','Parc assai',NULL,NULL,221.16,3,0,'PP',0,'2025-07-10 23:59:46','2025-08-04 17:10:59'),(751,2,5,1,'2025-07-05','Mima',NULL,'Potes',162.43,3,1,'PP',0,'2025-07-11 00:02:54','2025-08-04 17:10:59'),(752,2,2,1,'2025-07-05','Supermercado primos',NULL,'Feijoada',207.30,3,1,'PP',0,'2025-07-11 00:04:44','2025-08-04 17:10:59'),(753,2,2,1,'2025-07-07','Adega',NULL,NULL,40.00,1,0,'PM',0,'2025-07-11 00:05:19','2025-07-11 00:05:19'),(754,2,2,1,'2025-07-07','Pizzawalla',NULL,NULL,66.80,1,1,'PM',0,'2025-07-11 00:07:37','2025-08-04 17:10:59'),(755,2,6,1,'2025-07-07','MP sandrorodrigo',NULL,'Mercado livrepalheta',88.65,2,0,'PP',0,'2025-07-11 00:08:41','2025-08-04 17:10:59'),(756,2,2,1,'2025-07-09','Ifood aop',NULL,NULL,67.98,1,1,'PM',0,'2025-07-11 00:09:17','2025-08-04 17:10:59'),(757,2,2,1,'2025-06-27','Cgp com.alimen','Mac donalds',NULL,116.00,1,1,'PM',0,'2025-07-11 00:15:11','2025-08-04 17:10:59'),(760,8,2,1,'2025-07-01','Nagumo',NULL,NULL,33.52,1,0,'PM',0,'2025-07-14 14:51:15','2025-07-14 14:51:15'),(761,2,2,1,'2025-07-02','Parc assai',NULL,NULL,188.80,2,0,'PP',0,'2025-07-14 15:05:38','2025-08-04 17:10:59'),(762,2,2,2,'2025-07-14','Ifood club',NULL,NULL,5.95,1,0,'PM',0,'2025-07-14 15:07:13','2025-07-14 15:07:13'),(763,8,6,1,'2025-07-13','Pix secretaria','Multa',NULL,176.40,4,0,'PP',0,'2025-07-21 16:30:20','2025-08-04 17:11:00'),(764,8,5,1,'2025-07-17','Obramax',NULL,NULL,145.00,2,0,'PP',0,'2025-07-21 16:31:07','2025-08-04 17:10:59'),(765,8,2,1,'2025-07-18','Parcelamento Assaí',NULL,NULL,210.00,3,0,'PP',0,'2025-07-21 16:32:09','2025-08-04 17:10:59'),(766,3,8,2,'2025-07-19','D m presentes','Ótica glicério','2° óculos',1699.56,12,0,'PM',0,'2025-07-22 18:38:57','2025-07-22 18:38:57'),(767,3,8,1,'2025-07-31','Digital Ocean',NULL,NULL,37.00,1,0,'PM',0,'2025-07-22 18:40:10','2025-07-22 18:40:10'),(768,8,2,1,'2025-07-25','Atacadao',NULL,NULL,226.60,2,0,'PP',0,'2025-07-29 10:36:05','2025-08-04 17:11:00'),(769,2,6,1,'2025-07-28','Posto atacadao',NULL,NULL,100.00,1,0,'PM',0,'2025-08-05 13:15:13','2025-08-05 13:15:13'),(770,2,2,1,'2025-07-28','Atacadao',NULL,NULL,153.94,1,0,'PM',0,'2025-08-05 13:15:57','2025-08-05 13:15:57'),(771,2,2,1,'2025-07-28','Supermercado primos',NULL,NULL,62.13,1,0,'PM',0,'2025-08-05 13:16:23','2025-08-05 13:16:23'),(772,2,11,1,'2025-07-31','MP villadog',NULL,NULL,49.50,1,0,'PM',0,'2025-08-05 13:17:01','2025-08-05 13:17:01'),(773,2,2,1,'2025-07-31','Nagumo',NULL,NULL,29.00,1,0,'PM',0,'2025-08-05 13:17:26','2025-08-05 13:17:26'),(774,2,2,1,'2025-07-31','Atacadao',NULL,NULL,34.04,1,0,'PM',0,'2025-08-05 13:17:42','2025-08-05 13:17:42'),(775,2,2,1,'2025-07-31','Nagumo',NULL,NULL,47.86,1,0,'PM',0,'2025-08-05 13:18:02','2025-08-05 13:18:02'),(776,2,4,1,'2025-07-31','Lojas king',NULL,'Cooler',30.00,1,0,'PM',0,'2025-08-05 13:18:27','2025-08-05 13:18:27'),(777,2,2,1,'2025-08-01','Nagumo',NULL,NULL,41.46,1,0,'PM',0,'2025-08-05 13:18:50','2025-08-05 13:18:50'),(778,2,4,1,'2025-07-31','Lojas king',NULL,'Cooler',45.00,1,0,'PM',0,'2025-08-05 13:19:19','2025-08-05 13:19:19'),(779,2,6,1,'2025-08-01','Posto atacadao',NULL,NULL,115.80,4,0,'PM',0,'2025-08-05 13:19:36','2025-08-05 13:19:36'),(780,2,2,1,'2025-08-01','Assai atacadista',NULL,NULL,204.54,1,0,'PM',0,'2025-08-05 13:20:00','2025-08-05 13:20:00'),(781,2,2,1,'2025-08-03','Nagumo',NULL,NULL,47.76,1,0,'PM',0,'2025-08-05 13:20:24','2025-08-05 13:20:24'),(782,8,5,1,'2025-08-05','Edp parvelado',NULL,NULL,285.66,2,0,'PM',0,'2025-08-06 00:31:19','2025-08-06 00:31:19');
/*!40000 ALTER TABLE `debts` ENABLE KEYS */;
UNLOCK TABLES;

--
-- Table structure for table `failed_jobs`
--

DROP TABLE IF EXISTS `failed_jobs`;
/*!40101 SET @saved_cs_client     = @@character_set_client */;
/*!40101 SET character_set_client = utf8mb4 */;
CREATE TABLE `failed_jobs` (
  `id` bigint(20) unsigned NOT NULL AUTO_INCREMENT,
  `uuid` varchar(255) NOT NULL,
  `connection` text NOT NULL,
  `queue` text NOT NULL,
  `payload` longtext NOT NULL,
  `exception` longtext NOT NULL,
  `failed_at` timestamp NOT NULL DEFAULT current_timestamp(),
  PRIMARY KEY (`id`),
  UNIQUE KEY `failed_jobs_uuid_unique` (`uuid`)
) ENGINE=InnoDB DEFAULT CHARSET=utf8mb3 COLLATE=utf8mb3_general_ci;
/*!40101 SET character_set_client = @saved_cs_client */;

--
-- Dumping data for table `failed_jobs`
--

LOCK TABLES `failed_jobs` WRITE;
/*!40000 ALTER TABLE `failed_jobs` DISABLE KEYS */;
/*!40000 ALTER TABLE `failed_jobs` ENABLE KEYS */;
UNLOCK TABLES;

--
-- Table structure for table `installments`
--

DROP TABLE IF EXISTS `installments`;
/*!40101 SET @saved_cs_client     = @@character_set_client */;
/*!40101 SET character_set_client = utf8mb4 */;
CREATE TABLE `installments` (
  `id` int(11) NOT NULL AUTO_INCREMENT,
  `debt_id` int(11) NOT NULL,
  `shopper_id` int(11) NOT NULL DEFAULT 0,
  `number_installment` int(11) NOT NULL,
  `due_date` date NOT NULL,
  `value` decimal(10,2) NOT NULL,
  `status` enum('PM','PP') NOT NULL COMMENT ' PM->payment made - PP->payment pendent',
  `order` int(11) DEFAULT 0,
  `created_at` timestamp NULL DEFAULT NULL,
  `updated_at` timestamp NULL DEFAULT NULL,
  PRIMARY KEY (`id`),
  KEY `fk_installments_debts1_idx` (`debt_id`),
  KEY `fk_shopper` (`shopper_id`),
  CONSTRAINT `fk_installments_debts1` FOREIGN KEY (`debt_id`) REFERENCES `debts` (`id`),
  CONSTRAINT `fk_shopper` FOREIGN KEY (`shopper_id`) REFERENCES `shoppers` (`id`)
) ENGINE=InnoDB AUTO_INCREMENT=2116 DEFAULT CHARSET=utf8mb3 COLLATE=utf8mb3_general_ci;
/*!40101 SET character_set_client = @saved_cs_client */;

--
-- Dumping data for table `installments`
--

LOCK TABLES `installments` WRITE;
/*!40000 ALTER TABLE `installments` DISABLE KEYS */;
INSERT INTO `installments` VALUES (1,1,2,1,'2023-10-19',244.80,'PP',0,NULL,'2024-08-09 09:55:59'),(2,1,2,2,'2023-11-19',244.80,'PP',0,NULL,'2024-08-09 09:56:07'),(3,1,2,3,'2023-12-19',244.80,'PP',0,NULL,'2024-08-09 09:56:34'),(4,1,2,4,'2024-01-19',244.80,'PP',0,NULL,'2024-08-09 09:56:45'),(5,1,2,5,'2024-02-19',244.80,'PP',0,NULL,'2024-08-09 09:56:48'),(6,1,2,6,'2024-03-19',244.80,'PP',0,NULL,'2024-08-24 12:29:19'),(7,1,2,7,'2024-04-19',244.80,'PP',0,NULL,'2024-08-24 12:28:33'),(8,1,2,8,'2024-05-19',244.80,'PP',0,NULL,'2024-08-24 12:28:17'),(9,1,2,9,'2024-06-19',244.80,'PP',0,NULL,'2024-08-24 12:28:03'),(10,1,2,10,'2024-07-19',244.80,'PP',0,NULL,'2024-07-18 12:55:22'),(11,2,1,1,'2024-03-19',59.32,'PP',0,NULL,'2024-08-24 12:29:19'),(12,2,1,2,'2024-04-19',59.32,'PP',0,NULL,'2024-08-24 12:28:33'),(13,2,1,3,'2024-05-19',59.32,'PP',0,NULL,'2024-08-24 12:28:17'),(14,2,1,4,'2024-06-19',59.32,'PP',0,NULL,'2024-08-24 12:28:03'),(30,5,1,1,'2024-05-19',29.90,'PP',0,NULL,'2024-08-24 12:28:17'),(31,5,1,2,'2024-06-19',29.90,'PP',0,NULL,'2024-08-24 12:28:03'),(32,5,1,3,'2024-07-19',29.90,'PP',0,NULL,'2024-07-18 12:55:40'),(33,5,1,4,'2024-08-19',29.90,'PP',0,NULL,'2024-08-24 14:23:18'),(34,5,1,5,'2024-09-19',29.90,'PM',0,NULL,'2024-09-16 17:12:32'),(35,5,1,6,'2024-10-19',29.90,'PP',0,NULL,NULL),(36,5,1,7,'2024-11-19',29.90,'PM',0,NULL,'2024-11-04 14:35:07'),(37,5,1,8,'2024-12-19',29.90,'PM',0,NULL,'2024-12-23 14:40:18'),(38,5,1,9,'2025-01-19',29.90,'PM',0,NULL,'2025-01-18 08:30:20'),(39,5,1,10,'2025-02-19',29.90,'PM',0,NULL,'2025-02-17 21:49:40'),(40,5,1,11,'2025-03-19',29.90,'PM',0,NULL,'2025-03-18 18:51:10'),(41,5,1,12,'2025-04-19',29.90,'PM',1,NULL,'2025-04-21 21:42:22'),(53,10,2,1,'2024-05-19',41.94,'PP',0,NULL,'2024-08-24 12:28:17'),(54,10,2,2,'2024-06-19',41.94,'PP',0,NULL,'2024-08-24 12:28:03'),(55,10,2,3,'2024-07-19',41.94,'PP',0,NULL,'2024-07-18 12:56:28'),(56,10,2,4,'2024-08-19',41.94,'PP',0,NULL,'2024-08-24 12:27:21'),(57,10,2,5,'2024-09-19',41.94,'PM',0,NULL,'2024-09-16 17:12:32'),(58,11,1,1,'2024-06-19',64.75,'PP',0,NULL,'2024-08-24 12:28:03'),(59,12,2,1,'2024-06-19',23.96,'PP',0,NULL,'2024-08-24 12:28:03'),(65,15,1,1,'2024-06-19',39.60,'PP',0,NULL,'2024-08-24 12:28:03'),(66,16,2,1,'2024-06-19',30.00,'PP',0,NULL,'2024-08-24 12:28:03'),(67,17,1,1,'2024-06-19',100.00,'PP',0,NULL,'2024-08-24 12:28:03'),(68,18,1,1,'2024-06-19',83.45,'PP',0,NULL,'2024-08-24 12:28:03'),(69,18,1,2,'2024-07-19',83.45,'PP',0,NULL,'2024-07-18 12:57:15'),(70,19,1,1,'2024-06-19',46.88,'PP',0,NULL,'2024-08-24 12:28:03'),(71,20,1,1,'2024-06-19',39.50,'PP',0,NULL,'2024-08-24 12:28:03'),(158,88,1,1,'2024-06-19',65.00,'PP',0,'2024-06-03 18:03:04','2024-08-24 12:28:03'),(159,88,1,2,'2024-07-19',65.00,'PP',0,'2024-06-03 18:03:04','2024-07-18 12:57:19'),(160,89,1,1,'2024-06-19',93.33,'PP',0,'2024-06-03 18:04:00','2024-08-24 12:28:03'),(161,89,1,2,'2024-07-19',93.33,'PP',0,'2024-06-03 18:04:00','2024-07-18 12:57:23'),(162,89,1,3,'2024-08-19',93.33,'PP',0,'2024-06-03 18:04:00','2024-08-24 12:27:21'),(165,91,1,1,'2024-06-19',33.05,'PP',0,'2024-06-03 18:06:06','2024-08-24 12:28:03'),(176,3,1,1,'2024-04-19',128.45,'PP',0,'2024-06-05 16:24:48','2024-08-24 12:28:33'),(177,3,1,2,'2024-05-19',128.45,'PP',0,'2024-06-05 16:24:48','2024-08-24 12:28:17'),(178,3,1,3,'2024-06-19',128.45,'PP',0,'2024-06-05 16:24:48','2024-08-24 12:28:03'),(179,3,1,4,'2024-07-19',128.45,'PP',0,'2024-06-05 16:24:48','2024-07-18 12:55:25'),(180,3,1,5,'2024-08-19',128.45,'PP',0,'2024-06-05 16:24:48','2024-08-24 12:27:21'),(181,3,1,6,'2024-09-19',128.45,'PM',0,'2024-06-05 16:24:48','2024-09-16 17:12:32'),(182,3,1,7,'2024-10-19',128.45,'PP',0,'2024-06-05 16:24:48','2024-06-05 16:24:48'),(183,3,1,8,'2024-11-19',128.45,'PM',0,'2024-06-05 16:24:48','2024-11-04 14:35:07'),(184,3,1,9,'2024-12-19',128.45,'PM',0,'2024-06-05 16:24:48','2024-12-23 14:40:18'),(185,3,1,10,'2025-01-19',128.45,'PM',0,'2024-06-05 16:24:48','2025-01-18 08:30:20'),(186,4,1,1,'2024-05-19',36.60,'PP',0,'2024-06-05 16:24:48','2024-08-24 12:28:17'),(187,4,1,2,'2024-06-19',36.60,'PP',0,'2024-06-05 16:24:48','2024-08-24 12:28:03'),(188,4,1,3,'2024-07-19',36.60,'PP',0,'2024-06-05 16:24:48','2024-07-18 12:55:33'),(189,4,1,4,'2024-08-19',36.60,'PP',0,'2024-06-05 16:24:48','2024-08-24 12:27:21'),(190,4,1,5,'2024-09-19',36.60,'PM',0,'2024-06-05 16:24:48','2024-09-16 17:12:32'),(191,6,1,1,'2024-05-19',82.64,'PP',0,'2024-06-05 16:24:48','2024-08-24 12:28:17'),(192,6,1,2,'2024-06-19',82.64,'PP',0,'2024-06-05 16:24:48','2024-08-24 12:28:03'),(193,6,1,3,'2024-07-19',82.64,'PP',0,'2024-06-05 16:24:48','2024-07-18 12:55:44'),(194,7,1,1,'2024-05-19',50.35,'PP',0,'2024-06-05 16:24:48','2024-08-24 12:28:17'),(195,7,1,2,'2024-06-19',50.35,'PP',0,'2024-06-05 16:24:48','2024-08-24 12:28:03'),(196,7,1,3,'2024-07-19',50.35,'PP',0,'2024-06-05 16:24:48','2024-07-18 12:56:12'),(197,8,1,1,'2024-05-19',52.14,'PP',0,'2024-06-05 16:24:48','2024-08-24 12:28:17'),(198,8,1,2,'2024-06-19',52.14,'PP',0,'2024-06-05 16:24:48','2024-08-24 12:28:03'),(199,8,1,3,'2024-07-19',52.14,'PP',0,'2024-06-05 16:24:48','2024-07-18 12:56:20'),(200,9,1,1,'2024-05-19',44.98,'PP',0,'2024-06-05 16:24:48','2024-08-24 12:28:17'),(201,9,1,2,'2024-06-19',44.98,'PP',0,'2024-06-05 16:24:48','2024-08-24 12:28:03'),(202,13,1,1,'2024-06-19',20.47,'PP',0,'2024-06-05 16:24:48','2024-08-24 12:28:03'),(203,13,1,2,'2024-07-19',20.47,'PP',0,'2024-06-05 16:24:48','2024-07-18 12:56:31'),(204,14,1,1,'2024-06-19',24.17,'PP',0,'2024-06-05 16:24:48','2024-08-24 12:28:03'),(205,14,1,2,'2024-07-19',24.17,'PP',0,'2024-06-05 16:24:48','2024-07-18 12:57:08'),(206,14,1,2,'2024-08-19',24.17,'PP',0,'2024-06-05 16:24:48','2024-08-24 12:27:21'),(232,90,1,1,'2024-06-19',47.48,'PP',0,'2024-06-03 18:05:35','2024-08-24 12:28:03'),(233,90,1,2,'2024-07-19',47.48,'PP',0,'2024-06-03 18:05:35','2024-07-18 12:57:27'),(244,3,2,1,'2024-04-19',128.45,'PP',0,'2024-06-05 16:25:11','2024-08-24 12:28:33'),(245,3,2,2,'2024-05-19',128.45,'PP',0,'2024-06-05 16:25:11','2024-08-24 12:28:17'),(246,3,2,3,'2024-06-19',128.45,'PP',0,'2024-06-05 16:25:11','2024-08-24 12:28:03'),(247,3,2,4,'2024-07-19',128.45,'PP',0,'2024-06-05 16:25:11','2024-07-18 12:55:28'),(248,3,2,5,'2024-08-19',128.45,'PP',0,'2024-06-05 16:25:11','2024-08-24 12:27:21'),(249,3,2,6,'2024-09-19',128.45,'PM',0,'2024-06-05 16:25:11','2024-09-16 17:12:32'),(250,3,2,7,'2024-10-19',128.45,'PP',0,'2024-06-05 16:25:11','2024-06-05 16:25:11'),(251,3,2,8,'2024-11-19',128.45,'PM',0,'2024-06-05 16:25:11','2024-11-04 14:35:07'),(252,3,2,9,'2024-12-19',128.45,'PM',0,'2024-06-05 16:25:11','2024-12-23 14:40:18'),(253,3,2,10,'2025-01-19',128.45,'PM',0,'2024-06-05 16:25:11','2025-01-18 08:30:20'),(254,4,2,1,'2024-05-19',36.60,'PP',0,'2024-06-05 16:25:11','2024-08-24 12:28:17'),(255,4,2,2,'2024-06-19',36.60,'PP',0,'2024-06-05 16:25:11','2024-08-24 12:28:03'),(256,4,2,3,'2024-07-19',36.60,'PP',0,'2024-06-05 16:25:11','2024-07-18 12:55:36'),(257,4,2,4,'2024-08-19',36.60,'PP',0,'2024-06-05 16:25:11','2024-08-24 12:27:21'),(258,4,2,5,'2024-09-19',36.60,'PM',0,'2024-06-05 16:25:11','2024-09-16 17:12:32'),(259,6,2,1,'2024-05-19',82.64,'PP',0,'2024-06-05 16:25:11','2024-08-24 12:28:17'),(260,6,2,2,'2024-06-19',82.64,'PP',0,'2024-06-05 16:25:11','2024-08-24 12:28:03'),(261,6,2,3,'2024-07-19',82.64,'PP',0,'2024-06-05 16:25:11','2024-07-18 12:56:09'),(262,7,2,1,'2024-05-19',50.35,'PP',0,'2024-06-05 16:25:11','2024-08-24 12:28:17'),(263,7,2,2,'2024-06-19',50.35,'PP',0,'2024-06-05 16:25:11','2024-08-24 12:28:03'),(264,7,2,3,'2024-07-19',50.35,'PP',0,'2024-06-05 16:25:11','2024-07-18 12:56:16'),(265,8,2,1,'2024-05-19',52.14,'PP',0,'2024-06-05 16:25:11','2024-08-24 12:28:17'),(266,8,2,2,'2024-06-19',52.14,'PP',0,'2024-06-05 16:25:11','2024-08-24 12:28:03'),(267,8,2,3,'2024-07-19',52.14,'PP',0,'2024-06-05 16:25:11','2024-07-18 12:56:24'),(268,9,2,1,'2024-05-19',44.98,'PP',0,'2024-06-05 16:25:11','2024-08-24 12:28:17'),(269,9,2,2,'2024-06-19',44.98,'PP',0,'2024-06-05 16:25:11','2024-08-24 12:28:03'),(270,13,2,1,'2024-06-19',20.47,'PP',0,'2024-06-05 16:25:11','2024-08-24 12:28:03'),(271,13,2,2,'2024-07-19',20.47,'PP',0,'2024-06-05 16:25:11','2024-07-18 12:56:35'),(272,14,2,1,'2024-06-19',24.17,'PP',0,'2024-06-05 16:25:11','2024-08-24 12:28:03'),(273,14,2,2,'2024-07-19',24.17,'PP',0,'2024-06-05 16:25:11','2024-07-18 12:57:11'),(274,14,2,2,'2024-08-19',24.17,'PP',0,'2024-06-05 16:25:11','2024-08-24 12:27:21'),(300,90,2,1,'2024-06-19',47.48,'PP',0,'2024-06-03 18:05:35','2024-08-24 12:28:03'),(301,90,2,2,'2024-07-19',47.48,'PP',0,'2024-06-03 18:05:35','2024-07-18 12:57:31'),(328,103,1,1,'2024-06-19',40.00,'PP',0,'2024-06-11 21:11:52','2024-08-24 12:28:03'),(333,106,1,1,'2024-03-10',41.03,'PP',0,'2024-06-11 21:51:48','2024-08-24 12:29:19'),(334,106,2,1,'2024-03-10',41.03,'PP',0,'2024-06-11 21:51:48','2024-08-24 12:29:19'),(335,106,1,2,'2024-04-10',41.03,'PP',0,'2024-06-11 21:51:48','2024-08-24 12:28:33'),(336,106,2,2,'2024-04-10',41.03,'PP',0,'2024-06-11 21:51:48','2024-08-24 12:28:33'),(337,106,1,3,'2024-05-10',41.03,'PP',0,'2024-06-11 21:51:48','2024-08-24 12:28:17'),(338,106,2,3,'2024-05-10',41.03,'PP',0,'2024-06-11 21:51:48','2024-08-24 12:28:17'),(339,106,1,4,'2024-06-10',41.03,'PP',0,'2024-06-11 21:51:48','2024-08-24 12:28:03'),(340,106,2,4,'2024-06-10',41.03,'PP',0,'2024-06-11 21:51:48','2024-08-24 12:28:03'),(341,106,1,5,'2024-07-10',41.03,'PP',0,'2024-06-11 21:51:48','2024-07-18 12:59:46'),(342,106,2,5,'2024-07-10',41.03,'PP',0,'2024-06-11 21:51:48','2024-07-18 12:59:49'),(343,106,1,6,'2024-08-10',41.03,'PP',0,'2024-06-11 21:51:48','2024-08-24 12:27:21'),(344,106,2,6,'2024-08-10',41.03,'PP',0,'2024-06-11 21:51:48','2024-08-24 12:27:21'),(345,106,1,7,'2024-09-10',41.03,'PM',0,'2024-06-11 21:51:48','2024-09-04 16:54:10'),(346,106,2,7,'2024-09-10',41.03,'PM',0,'2024-06-11 21:51:48','2024-09-16 17:12:32'),(347,106,1,8,'2024-10-10',41.03,'PP',0,'2024-06-11 21:51:48','2024-10-29 12:48:29'),(348,106,2,8,'2024-10-10',41.03,'PP',0,'2024-06-11 21:51:48','2024-06-11 21:51:48'),(349,106,1,9,'2024-11-10',41.03,'PM',0,'2024-06-11 21:51:48','2024-11-04 14:32:03'),(350,106,2,9,'2024-11-10',41.03,'PM',0,'2024-06-11 21:51:48','2024-11-04 14:32:07'),(392,116,1,1,'2023-11-19',116.00,'PP',0,'2024-06-12 18:35:00','2024-08-24 12:30:05'),(393,116,2,1,'2023-11-19',116.00,'PP',0,'2024-06-12 18:35:00','2024-08-24 12:30:05'),(394,116,1,2,'2023-12-19',116.00,'PP',0,'2024-06-12 18:35:00','2024-08-24 12:29:50'),(395,116,2,2,'2023-12-19',116.00,'PP',0,'2024-06-12 18:35:00','2024-08-24 12:29:50'),(396,116,1,3,'2024-01-19',116.00,'PP',0,'2024-06-12 18:35:00','2024-08-24 12:29:38'),(397,116,2,3,'2024-01-19',116.00,'PP',0,'2024-06-12 18:35:00','2024-08-24 12:29:38'),(398,116,1,4,'2024-02-19',116.00,'PP',0,'2024-06-12 18:35:00','2024-08-24 12:29:29'),(399,116,2,4,'2024-02-19',116.00,'PP',0,'2024-06-12 18:35:00','2024-08-24 12:29:29'),(400,116,1,5,'2024-03-19',116.00,'PP',0,'2024-06-12 18:35:00','2024-08-24 12:29:19'),(401,116,2,5,'2024-03-19',116.00,'PP',0,'2024-06-12 18:35:00','2024-08-24 12:29:19'),(402,116,1,6,'2024-04-19',116.00,'PP',0,'2024-06-12 18:35:00','2024-08-24 12:28:33'),(403,116,2,6,'2024-04-19',116.00,'PP',0,'2024-06-12 18:35:00','2024-08-24 12:28:33'),(404,116,1,7,'2024-05-19',116.00,'PP',0,'2024-06-12 18:35:00','2024-08-24 12:28:17'),(405,116,2,7,'2024-05-19',116.00,'PP',0,'2024-06-12 18:35:00','2024-08-24 12:28:17'),(406,116,1,8,'2024-06-19',116.00,'PP',0,'2024-06-12 18:35:00','2024-08-24 12:28:03'),(407,116,2,8,'2024-06-19',116.00,'PP',0,'2024-06-12 18:35:00','2024-08-24 12:28:03'),(408,116,1,9,'2024-07-19',116.00,'PP',0,'2024-06-12 18:35:00','2024-07-18 12:52:30'),(409,116,2,9,'2024-07-19',116.00,'PP',0,'2024-06-12 18:35:00','2024-07-18 12:52:35'),(410,116,1,10,'2024-08-19',116.00,'PP',0,'2024-06-12 18:35:00','2024-08-24 12:27:21'),(411,116,2,10,'2024-08-19',116.00,'PP',0,'2024-06-12 18:35:00','2024-08-24 12:27:21'),(466,128,1,1,'2024-06-13',27.90,'PP',0,'2024-06-18 11:10:01','2024-08-24 12:28:03'),(467,129,1,1,'2024-06-13',48.97,'PP',0,'2024-06-18 11:10:51','2024-08-24 12:28:03'),(468,130,1,1,'2024-07-19',53.98,'PP',0,'2024-06-18 11:11:46','2024-07-18 12:57:37'),(469,131,1,1,'2024-06-15',23.92,'PP',0,'2024-06-18 11:12:33','2024-08-24 12:28:03'),(470,132,1,1,'2024-07-19',86.79,'PP',0,'2024-06-18 11:13:27','2024-07-18 12:57:41'),(471,133,1,1,'2024-06-17',19.90,'PP',0,'2024-06-18 11:13:59','2024-08-24 12:28:03'),(472,134,1,1,'2024-06-01',60.64,'PP',0,'2024-06-18 11:30:18','2024-08-24 12:28:03'),(473,135,1,1,'2024-06-03',112.60,'PP',0,'2024-06-18 11:30:56','2024-08-24 12:28:03'),(474,136,1,1,'2024-06-03',10.38,'PP',0,'2024-06-18 11:31:55','2024-08-24 12:28:03'),(475,137,1,1,'2024-06-07',19.96,'PP',0,'2024-06-18 11:32:15','2024-08-24 12:28:03'),(476,138,1,1,'2024-06-09',34.29,'PP',0,'2024-06-18 11:32:47','2024-08-24 12:28:03'),(477,139,1,1,'2024-06-09',33.90,'PP',0,'2024-06-18 11:33:28','2024-08-24 12:28:03'),(478,140,1,1,'2024-06-10',2.00,'PP',0,'2024-06-18 11:34:48','2024-08-24 12:28:03'),(479,141,1,1,'2024-06-10',6.40,'PP',0,'2024-06-18 11:35:58','2024-08-24 12:28:03'),(480,142,1,1,'2024-07-19',79.85,'PP',0,'2024-06-19 00:09:13','2024-07-18 12:57:45'),(481,142,1,2,'2024-08-19',79.80,'PP',0,'2024-06-19 00:09:13','2024-08-24 12:27:21'),(486,144,1,1,'2024-07-19',22.29,'PP',0,'2024-06-19 23:34:31','2024-07-18 12:57:49'),(488,146,1,1,'2024-07-19',39.53,'PP',0,'2024-06-21 10:33:19','2024-07-18 12:57:53'),(489,147,1,1,'2024-06-21',100.00,'PP',0,'2024-06-23 10:18:10','2024-08-24 12:28:03'),(490,148,1,1,'2024-06-21',40.12,'PP',0,'2024-06-23 10:19:27','2024-08-24 12:28:03'),(491,149,1,1,'2024-07-19',34.96,'PP',0,'2024-06-23 10:21:14','2024-07-18 12:57:57'),(492,149,2,1,'2024-07-19',34.96,'PP',0,'2024-06-23 10:21:14','2024-07-18 12:58:30'),(493,149,1,2,'2024-08-19',34.96,'PP',0,'2024-06-23 10:21:14','2024-08-24 12:27:21'),(494,149,2,2,'2024-08-19',34.96,'PP',0,'2024-06-23 10:21:14','2024-08-24 12:27:21'),(495,150,1,1,'2024-07-19',63.00,'PP',0,'2024-06-23 10:22:13','2024-07-18 12:58:35'),(504,154,1,1,'2024-06-22',154.76,'PP',0,'2024-06-25 12:36:37','2024-08-24 12:28:03'),(505,155,1,1,'2024-06-22',12.57,'PP',0,'2024-06-25 12:37:29','2024-08-24 12:28:03'),(506,156,1,1,'2024-06-26',27.98,'PP',0,'2024-06-27 20:39:18','2024-08-24 12:28:03'),(507,157,1,1,'2024-06-26',96.90,'PP',0,'2024-06-27 20:39:50','2024-08-24 12:28:03'),(508,158,1,1,'2024-06-26',11.47,'PP',0,'2024-06-27 20:40:28','2024-08-24 12:28:03'),(509,159,1,1,'2024-06-26',32.80,'PP',0,'2024-06-27 20:41:08','2024-08-24 12:28:03'),(510,160,1,1,'2024-06-26',5.76,'PP',0,'2024-06-27 20:41:43','2024-08-24 12:28:03'),(513,163,1,1,'2024-07-19',59.53,'PP',0,'2024-07-01 19:18:50','2024-07-18 12:58:39'),(514,164,1,1,'2024-07-19',55.80,'PP',0,'2024-07-01 19:19:33','2024-07-18 12:58:42'),(515,165,1,1,'2024-07-19',8.30,'PP',0,'2024-07-01 19:20:08','2024-07-18 12:58:45'),(516,166,1,1,'2024-07-19',8.36,'PP',0,'2024-07-01 19:20:46','2024-07-18 12:58:49'),(517,167,1,1,'2024-07-19',33.52,'PP',0,'2024-07-01 19:21:14','2024-07-18 12:58:52'),(518,168,1,1,'2024-07-03',20.00,'PP',0,'2024-07-05 12:48:53','2024-07-18 12:59:20'),(519,169,1,1,'2024-07-19',32.35,'PP',0,'2024-07-05 12:49:25','2024-07-18 12:58:56'),(550,189,1,1,'2024-07-21',142.21,'PP',0,'2024-07-17 12:57:36','2024-07-23 12:31:41'),(551,189,1,2,'2024-08-21',160.00,'PP',0,'2024-07-17 12:57:36','2024-08-24 12:27:21'),(552,189,1,3,'2024-09-21',160.00,'PM',0,'2024-07-17 12:57:36','2024-09-16 17:12:32'),(553,189,1,4,'2024-10-21',135.99,'PP',0,'2024-07-17 12:57:36','2024-10-29 12:48:30'),(554,189,1,5,'2024-11-21',137.36,'PM',0,'2024-07-17 12:57:36','2024-11-04 14:22:28'),(555,189,1,6,'2024-12-21',137.36,'PM',0,'2024-07-17 12:57:36','2024-12-02 13:28:28'),(556,190,1,1,'2024-08-18',261.45,'PP',0,'2024-07-17 12:58:22','2024-08-24 12:27:21'),(557,190,1,2,'2024-09-18',250.00,'PM',0,'2024-07-17 12:58:22','2024-09-04 16:55:47'),(558,190,1,3,'2024-10-18',250.00,'PP',0,'2024-07-17 12:58:22','2024-10-29 12:48:32'),(559,190,1,4,'2024-11-18',264.90,'PM',0,'2024-07-17 12:58:22','2024-11-04 14:20:33'),(560,190,1,5,'2024-12-18',264.90,'PM',0,'2024-07-17 12:58:22','2024-12-02 13:25:56'),(561,191,1,1,'2024-08-15',85.23,'PP',0,'2024-07-17 12:59:28','2024-08-24 12:27:21'),(562,191,1,2,'2024-09-15',85.23,'PM',0,'2024-07-17 12:59:28','2024-09-04 16:54:10'),(563,191,1,3,'2024-10-15',85.23,'PP',0,'2024-07-17 12:59:28','2024-10-29 12:48:34'),(564,191,1,4,'2024-11-15',85.23,'PM',0,'2024-07-17 12:59:28','2024-11-04 14:20:15'),(566,192,1,1,'2024-08-10',955.00,'PP',0,'2024-07-17 13:02:55','2024-08-24 12:27:21'),(567,192,1,2,'2024-09-10',955.00,'PM',0,'2024-07-17 13:02:55','2024-09-04 16:48:27'),(569,192,1,4,'2024-11-10',954.84,'PM',0,'2024-07-17 13:02:55','2024-11-04 14:35:31'),(570,192,1,5,'2024-12-10',954.84,'PM',0,'2024-07-17 13:02:55','2024-12-02 13:23:58'),(571,193,1,1,'2024-08-10',160.22,'PP',0,'2024-07-18 12:40:37','2024-08-24 12:27:08'),(572,194,1,1,'2024-08-10',160.27,'PP',0,'2024-07-18 12:41:39','2024-08-24 12:27:08'),(573,195,1,1,'2024-09-10',160.27,'PM',0,'2024-07-18 12:42:11','2024-09-16 17:12:32'),(574,196,1,1,'2024-10-10',160.27,'PP',0,'2024-07-18 12:42:32','2024-10-29 12:48:35'),(575,197,1,1,'2024-11-10',160.27,'PM',0,'2024-07-18 12:42:59','2024-11-04 14:24:33'),(576,198,1,1,'2024-12-10',160.27,'PM',0,'2024-07-18 12:43:22','2024-12-02 13:46:12'),(602,209,1,1,'2024-08-19',86.85,'PP',0,'2024-07-22 13:45:55','2024-08-24 12:27:21'),(603,209,2,1,'2024-08-19',86.85,'PP',0,'2024-07-22 13:45:55','2024-08-24 12:27:21'),(604,210,1,1,'2024-08-19',25.88,'PP',0,'2024-07-22 13:46:19','2024-08-24 12:27:21'),(605,211,1,1,'2024-07-20',23.90,'PP',0,'2024-07-23 12:40:11','2024-08-24 12:27:39'),(606,212,1,1,'2024-07-22',18.15,'PP',0,'2024-07-23 12:40:34','2024-08-24 12:27:39'),(607,213,1,1,'2024-07-22',3.89,'PP',0,'2024-07-23 12:41:03','2024-08-24 12:27:39'),(617,222,1,1,'2024-08-19',42.50,'PP',0,'2024-07-31 17:55:13','2024-08-24 12:27:21'),(618,222,2,1,'2024-08-19',42.50,'PP',0,'2024-07-31 17:55:13','2024-08-24 12:27:21'),(619,223,1,1,'2024-08-01',36.05,'PP',0,'2024-08-06 15:29:02','2024-08-24 12:27:21'),(633,234,1,1,'2024-01-06',49.99,'PP',0,'2024-08-07 16:52:59','2024-08-24 12:29:38'),(634,234,1,2,'2024-02-06',49.99,'PP',0,'2024-08-07 16:52:59','2024-08-24 12:29:29'),(635,234,1,3,'2024-03-06',49.99,'PP',0,'2024-08-07 16:52:59','2024-08-24 12:29:19'),(636,234,1,4,'2024-04-06',49.99,'PP',0,'2024-08-07 16:52:59','2024-08-24 12:28:33'),(637,234,1,5,'2024-05-06',49.99,'PP',0,'2024-08-07 16:52:59','2024-08-24 12:28:17'),(638,234,1,6,'2024-06-06',49.99,'PP',0,'2024-08-07 16:52:59','2024-08-24 12:28:03'),(639,234,1,7,'2024-07-06',49.99,'PP',0,'2024-08-07 16:52:59','2024-08-24 12:27:39'),(640,234,1,8,'2024-08-06',49.99,'PP',0,'2024-08-07 16:52:59','2024-08-24 12:27:21'),(641,234,1,9,'2024-09-06',49.99,'PM',0,'2024-08-07 16:52:59','2024-09-04 16:54:10'),(642,234,1,10,'2024-10-06',49.99,'PP',0,'2024-08-07 16:52:59','2024-10-29 12:48:39'),(643,234,1,11,'2024-11-06',59.99,'PM',0,'2024-08-07 16:52:59','2024-11-04 14:22:54'),(649,238,2,1,'2024-09-19',64.76,'PM',0,'2024-08-14 19:04:20','2024-09-16 17:12:32'),(650,238,2,2,'2024-10-19',64.76,'PP',0,'2024-08-14 19:04:20','2024-08-16 12:37:29'),(651,238,2,3,'2024-11-19',64.76,'PM',0,'2024-08-14 19:04:20','2024-11-04 14:35:07'),(683,256,1,1,'2024-06-19',13.90,'PP',0,'2024-08-21 14:04:53','2024-08-24 12:28:03'),(684,256,1,2,'2024-07-19',13.90,'PP',0,'2024-08-21 14:04:53','2024-08-24 12:27:39'),(685,256,1,3,'2024-08-19',13.90,'PP',0,'2024-08-21 14:04:53','2024-08-24 12:27:21'),(686,256,1,4,'2024-09-19',13.90,'PM',0,'2024-08-21 14:04:53','2024-09-16 17:12:32'),(687,256,1,5,'2024-10-19',13.90,'PP',0,'2024-08-21 14:04:53','2024-08-21 14:04:53'),(688,256,1,6,'2024-11-19',13.90,'PM',0,'2024-08-21 14:04:53','2024-11-04 14:35:07'),(689,256,1,7,'2024-12-19',13.90,'PM',0,'2024-08-21 14:04:53','2024-12-02 13:41:30'),(690,256,1,8,'2025-01-19',13.90,'PM',0,'2024-08-21 14:04:53','2024-12-09 17:17:49'),(691,256,1,9,'2025-02-19',13.90,'PM',0,'2024-08-21 14:04:53','2024-12-09 17:17:58'),(692,256,1,10,'2025-03-19',13.90,'PM',0,'2024-08-21 14:04:53','2024-12-09 17:18:06'),(693,256,1,11,'2025-04-19',13.90,'PM',0,'2024-08-21 14:04:53','2024-12-09 17:18:12'),(694,256,1,12,'2025-05-19',13.90,'PM',0,'2024-08-21 14:04:53','2024-12-09 17:18:17'),(695,257,1,1,'2024-09-19',9.00,'PM',0,'2024-08-21 14:05:45','2024-09-16 17:12:32'),(696,258,1,1,'2024-09-19',177.12,'PM',0,'2024-08-21 14:06:18','2024-09-16 17:12:32'),(697,258,1,2,'2024-10-19',177.12,'PP',0,'2024-08-21 14:06:18','2024-08-21 14:06:18'),(698,259,1,1,'2024-09-19',52.73,'PM',0,'2024-08-21 14:07:39','2024-09-16 17:12:32'),(699,259,1,2,'2024-10-19',52.73,'PP',0,'2024-08-21 14:07:39','2024-08-21 14:07:39'),(700,260,1,1,'2024-09-19',131.49,'PM',0,'2024-08-21 14:08:51','2024-09-16 17:12:32'),(701,260,1,2,'2024-10-19',131.49,'PP',0,'2024-08-21 14:08:51','2024-08-21 14:08:51'),(702,261,1,1,'2024-09-19',77.92,'PM',0,'2024-08-21 14:09:31','2024-09-16 17:12:32'),(703,261,1,2,'2024-10-19',77.92,'PP',0,'2024-08-21 14:09:31','2024-08-21 14:09:31'),(704,262,1,1,'2024-09-19',201.75,'PM',0,'2024-08-21 14:10:14','2024-09-16 17:12:32'),(705,262,1,2,'2024-10-19',201.75,'PP',0,'2024-08-21 14:10:14','2024-08-21 14:10:14'),(707,264,1,1,'2024-09-19',177.35,'PM',0,'2024-08-21 14:13:28','2024-09-16 17:12:32'),(708,264,1,2,'2024-10-19',177.35,'PP',0,'2024-08-21 14:13:28','2024-08-21 14:13:28'),(710,266,1,1,'2024-09-19',17.99,'PM',0,'2024-08-21 14:16:39','2024-09-16 17:12:32'),(711,266,1,2,'2024-10-19',27.99,'PP',0,'2024-08-21 14:16:39','2024-09-16 17:16:44'),(712,266,1,3,'2024-11-19',27.99,'PM',0,'2024-08-21 14:16:39','2024-11-04 14:35:07'),(722,267,1,1,'2024-09-19',14.99,'PM',0,'2024-08-21 14:17:05','2024-09-16 17:12:32'),(723,268,1,1,'2024-09-19',32.50,'PM',0,'2024-08-21 14:17:42','2024-09-16 17:12:32'),(724,268,2,1,'2024-09-19',32.50,'PM',0,'2024-08-21 14:17:42','2024-09-16 17:12:32'),(725,269,1,1,'2024-09-19',32.97,'PM',0,'2024-08-21 14:18:11','2024-09-16 17:12:32'),(727,271,1,1,'2024-09-19',139.04,'PM',0,'2024-08-21 14:19:53','2024-09-16 17:12:32'),(728,272,1,1,'2024-09-19',201.57,'PM',0,'2024-08-21 14:20:56','2024-09-16 17:12:32'),(729,273,1,1,'2024-09-19',31.36,'PM',0,'2024-08-26 13:04:41','2024-09-16 17:12:32'),(730,273,1,2,'2024-10-19',31.36,'PP',0,'2024-08-26 13:04:41','2024-08-26 13:04:41'),(731,273,1,3,'2024-11-19',31.36,'PM',0,'2024-08-26 13:04:41','2024-11-04 14:35:07'),(732,274,1,1,'2024-09-19',13.11,'PM',0,'2024-08-26 13:05:43','2024-09-16 17:12:32'),(733,274,1,2,'2024-10-19',13.11,'PP',0,'2024-08-26 13:05:43','2024-08-26 13:05:43'),(734,274,1,3,'2024-11-19',13.11,'PM',0,'2024-08-26 13:05:43','2024-11-04 14:35:07'),(735,274,1,4,'2024-12-19',13.11,'PM',0,'2024-08-26 13:05:43','2024-12-02 13:41:32'),(736,275,1,1,'2024-09-19',19.90,'PM',0,'2024-08-26 13:06:18','2024-09-16 17:12:32'),(743,278,1,1,'2024-09-19',8.98,'PM',0,'2024-08-27 15:11:39','2024-09-16 17:12:32'),(744,279,1,1,'2024-09-19',59.78,'PM',0,'2024-08-27 15:12:16','2024-09-16 17:12:32'),(745,280,1,1,'2024-09-19',6.98,'PM',0,'2024-08-29 18:06:26','2024-09-16 17:12:32'),(746,281,1,1,'2024-09-19',32.39,'PM',0,'2024-08-30 14:20:51','2024-09-16 17:12:32'),(747,281,1,2,'2024-10-19',32.39,'PP',0,'2024-08-30 14:20:51','2024-08-30 14:20:51'),(748,281,2,1,'2024-09-19',32.39,'PM',0,'2024-08-30 14:20:51','2024-09-16 17:12:32'),(749,281,2,2,'2024-10-19',32.39,'PP',0,'2024-08-30 14:20:51','2024-08-30 14:20:51'),(750,282,1,1,'2024-09-19',17.91,'PM',0,'2024-08-30 14:26:37','2024-09-16 17:12:32'),(751,282,2,1,'2024-09-19',17.91,'PM',0,'2024-08-30 14:26:37','2024-09-16 17:12:32'),(752,283,1,1,'2024-09-19',55.26,'PM',0,'2024-08-30 14:27:26','2024-09-16 17:12:32'),(753,283,2,1,'2024-09-19',55.26,'PM',0,'2024-08-30 14:27:26','2024-09-16 17:12:32'),(777,294,1,1,'2024-09-19',35.84,'PM',0,'2024-09-04 12:28:47','2024-09-16 17:12:32'),(778,295,1,1,'2024-09-19',353.98,'PM',0,'2024-09-04 16:47:41','2024-09-16 17:12:32'),(779,295,1,2,'2024-10-19',353.98,'PP',0,'2024-09-04 16:47:41','2024-09-04 16:47:41'),(780,295,1,3,'2024-11-19',353.98,'PM',0,'2024-09-04 16:47:41','2024-11-04 14:35:07'),(791,301,2,1,'2024-09-19',108.33,'PM',0,'2024-09-16 11:08:33','2024-09-16 17:12:32'),(792,301,2,2,'2024-10-19',108.33,'PP',0,'2024-09-16 11:08:33','2024-09-16 11:08:33'),(793,301,2,3,'2024-11-19',108.33,'PM',0,'2024-09-16 11:08:33','2024-11-04 14:35:07'),(794,301,2,4,'2024-12-19',108.33,'PM',0,'2024-09-16 11:08:33','2024-12-23 14:40:18'),(795,301,2,5,'2025-01-19',108.33,'PM',0,'2024-09-16 11:08:33','2025-01-18 08:30:20'),(796,301,2,6,'2025-02-19',108.33,'PM',0,'2024-09-16 11:08:33','2025-02-17 21:49:40'),(797,302,2,1,'2024-09-19',190.28,'PM',0,'2024-09-16 15:06:29','2024-09-16 17:12:32'),(798,302,2,2,'2024-10-19',190.28,'PP',0,'2024-09-16 15:06:29','2024-09-16 15:06:29'),(799,302,2,3,'2024-11-19',190.28,'PM',0,'2024-09-16 15:06:29','2024-11-04 14:35:07'),(800,302,2,4,'2024-12-19',190.28,'PM',0,'2024-09-16 15:06:29','2024-12-23 14:40:18'),(801,302,2,5,'2025-01-19',190.28,'PM',0,'2024-09-16 15:06:29','2025-01-18 08:30:20'),(802,302,2,6,'2025-02-19',190.28,'PM',0,'2024-09-16 15:06:29','2025-02-17 21:49:40'),(803,303,1,1,'2024-10-19',42.50,'PP',0,'2024-09-16 17:10:35','2024-09-16 17:10:35'),(804,303,2,1,'2024-10-19',42.50,'PP',0,'2024-09-16 17:10:35','2024-09-16 17:10:35'),(805,304,1,1,'2024-10-19',37.80,'PP',0,'2024-09-16 17:11:20','2024-09-16 17:11:20'),(806,305,1,1,'2024-10-19',100.00,'PP',0,'2024-09-16 17:11:50','2024-09-16 17:11:50'),(809,307,1,1,'2024-10-19',58.31,'PP',0,'2024-09-16 17:18:27','2024-09-16 17:18:27'),(810,307,1,2,'2024-11-19',58.31,'PM',0,'2024-09-16 17:18:27','2024-11-04 14:35:07'),(811,307,1,3,'2024-12-19',58.31,'PM',0,'2024-09-16 17:18:27','2024-12-02 13:41:34'),(812,308,1,1,'2024-10-19',47.72,'PP',0,'2024-09-17 12:17:34','2024-09-17 12:17:34'),(813,309,1,1,'2024-10-19',59.99,'PP',0,'2024-09-17 17:01:48','2024-09-17 17:01:48'),(814,309,2,1,'2024-10-19',59.99,'PP',0,'2024-09-17 17:01:48','2024-09-17 17:01:48'),(815,310,1,1,'2024-10-19',34.90,'PP',0,'2024-09-17 17:19:36','2024-09-19 14:20:26'),(816,311,1,1,'2024-10-19',66.79,'PP',0,'2024-09-18 17:49:35','2024-09-18 17:49:35'),(817,312,1,1,'2024-10-19',67.69,'PP',0,'2024-09-23 14:25:00','2024-09-23 14:25:00'),(818,313,1,1,'2024-10-19',95.24,'PP',0,'2024-09-23 14:26:05','2024-09-23 14:26:05'),(819,314,1,1,'2024-10-19',32.50,'PP',0,'2024-09-23 14:26:33','2024-09-23 14:26:33'),(820,314,2,1,'2024-10-19',32.50,'PP',0,'2024-09-23 14:26:33','2024-09-23 14:26:33'),(821,315,1,1,'2024-10-19',134.55,'PP',0,'2024-09-23 14:27:40','2024-09-23 14:27:40'),(822,315,1,2,'2024-11-19',134.55,'PM',0,'2024-09-23 14:27:40','2024-11-04 14:35:07'),(823,316,1,1,'2024-10-19',89.87,'PP',0,'2024-09-23 14:28:08','2024-09-23 14:28:08'),(824,317,1,1,'2024-10-19',98.98,'PP',0,'2024-09-24 13:04:11','2024-09-24 13:04:11'),(825,318,1,1,'2024-10-19',103.99,'PP',0,'2024-09-30 09:43:40','2024-09-30 09:43:40'),(826,319,1,1,'2024-10-19',50.00,'PP',0,'2024-09-30 09:44:30','2024-09-30 09:44:30'),(827,320,2,1,'2024-10-19',158.37,'PP',0,'2024-09-30 09:47:23','2024-09-30 09:47:23'),(828,320,2,2,'2024-11-19',158.37,'PM',0,'2024-09-30 09:47:23','2024-11-04 14:35:07'),(829,320,2,3,'2024-12-19',158.37,'PM',0,'2024-09-30 09:47:23','2024-12-23 14:40:18'),(830,320,2,4,'2025-01-19',158.37,'PM',0,'2024-09-30 09:47:23','2025-01-18 08:30:20'),(831,320,2,5,'2025-02-19',158.37,'PM',0,'2024-09-30 09:47:23','2025-02-17 21:49:40'),(832,320,2,6,'2025-03-19',158.37,'PM',0,'2024-09-30 09:47:23','2025-03-18 18:51:42'),(833,320,2,7,'2025-04-19',158.33,'PM',2,'2024-09-30 09:47:23','2025-04-21 21:42:22'),(834,320,2,8,'2025-05-19',158.37,'PM',1,'2024-09-30 09:47:23','2025-05-15 23:05:41'),(835,320,2,9,'2025-06-19',158.37,'PM',1,'2024-09-30 09:47:23','2025-06-23 19:35:20'),(836,320,2,10,'2025-07-19',158.37,'PM',1,'2024-09-30 09:47:23','2025-07-21 15:57:06'),(837,320,2,11,'2025-08-19',158.37,'PP',0,'2024-09-30 09:47:23','2024-09-30 09:47:23'),(838,320,2,12,'2025-09-19',158.37,'PP',0,'2024-09-30 09:47:23','2024-09-30 09:47:23'),(839,321,1,1,'2024-10-19',70.66,'PP',0,'2024-09-30 09:49:10','2024-09-30 09:49:10'),(840,322,1,1,'2024-10-19',59.00,'PP',0,'2024-10-01 17:20:43','2024-10-01 17:20:43'),(887,357,1,1,'2025-01-05',1541.67,'PM',0,'2024-10-30 00:15:37','2025-01-03 11:37:06'),(888,357,1,2,'2025-02-05',1541.67,'PM',0,'2024-10-30 00:15:37','2025-02-05 01:59:29'),(889,357,1,3,'2025-03-05',1541.67,'PM',0,'2024-10-30 00:15:37','2025-03-01 20:23:15'),(890,357,1,4,'2025-04-05',1541.67,'PM',0,'2024-10-30 00:15:37','2025-04-01 11:40:25'),(891,357,1,5,'2025-05-05',1541.67,'PM',0,'2024-10-30 00:15:37','2025-05-02 11:36:23'),(892,357,1,6,'2025-06-05',1541.67,'PM',0,'2024-10-30 00:15:37','2025-06-02 15:25:09'),(893,357,1,7,'2025-07-05',1541.67,'PM',0,'2024-10-30 00:15:37','2025-07-01 19:11:18'),(894,357,1,8,'2025-08-05',1541.67,'PM',0,'2024-10-30 00:15:37','2025-08-04 17:11:00'),(895,357,1,9,'2025-09-05',1541.67,'PP',0,'2024-10-30 00:15:37','2024-10-30 00:15:37'),(896,357,1,10,'2025-10-05',1541.67,'PP',0,'2024-10-30 00:15:37','2024-10-30 00:15:37'),(897,357,1,11,'2025-11-05',1541.67,'PP',0,'2024-10-30 00:15:37','2024-10-30 00:15:37'),(898,357,1,12,'2025-12-05',1541.67,'PP',0,'2024-10-30 00:15:37','2024-10-30 00:15:37'),(957,374,1,1,'2024-12-19',74.35,'PM',0,'2024-11-13 12:07:46','2024-12-23 14:40:18'),(1019,392,1,1,'2025-01-19',223.00,'PM',0,'2024-11-19 16:16:54','2025-01-03 11:36:56'),(1021,392,1,3,'2025-03-19',161.22,'PM',0,'2024-11-19 16:16:54','2025-03-01 20:35:20'),(1022,392,1,4,'2025-04-19',202.00,'PM',0,'2024-11-19 16:16:54','2025-04-21 21:43:12'),(1023,392,1,5,'2025-05-19',260.00,'PM',0,'2024-11-19 16:16:54','2025-05-02 11:36:23'),(1024,392,1,6,'2025-06-19',218.00,'PM',0,'2024-11-19 16:16:54','2025-06-02 15:25:09'),(1025,392,1,7,'2025-07-19',260.00,'PM',0,'2024-11-19 16:16:54','2025-07-01 19:14:43'),(1026,392,1,8,'2025-08-19',260.00,'PM',0,'2024-11-19 16:16:54','2025-08-04 17:15:45'),(1027,392,1,9,'2025-09-19',260.00,'PP',0,'2024-11-19 16:16:54','2024-11-19 16:16:54'),(1028,392,1,10,'2025-10-19',260.00,'PP',0,'2024-11-19 16:16:54','2024-11-19 16:16:54'),(1029,392,1,11,'2025-11-19',260.00,'PP',0,'2024-11-19 16:16:54','2024-11-19 16:16:54'),(1030,392,1,12,'2025-12-19',260.00,'PP',0,'2024-11-19 16:16:54','2024-11-19 16:16:54'),(1031,393,1,1,'2025-01-02',135.00,'PM',0,'2024-11-19 16:17:21','2025-01-03 11:36:47'),(1033,393,1,3,'2025-03-02',140.00,'PM',0,'2024-11-19 16:17:21','2025-03-01 20:35:20'),(1034,393,1,4,'2025-04-02',136.00,'PM',0,'2024-11-19 16:17:21','2025-04-01 11:44:44'),(1035,393,1,5,'2025-05-02',140.00,'PM',0,'2024-11-19 16:17:21','2025-05-02 11:36:23'),(1036,393,1,6,'2025-06-02',140.00,'PM',0,'2024-11-19 16:17:21','2025-06-02 15:25:09'),(1037,393,1,7,'2025-07-02',140.00,'PM',0,'2024-11-19 16:17:21','2025-07-01 19:14:45'),(1038,393,1,8,'2025-08-02',140.00,'PM',0,'2024-11-19 16:17:21','2025-08-04 17:11:00'),(1039,393,1,9,'2025-09-02',140.00,'PP',0,'2024-11-19 16:17:21','2024-11-19 16:17:21'),(1040,393,1,10,'2025-10-02',140.00,'PP',0,'2024-11-19 16:17:21','2024-11-19 16:17:21'),(1041,393,1,11,'2025-11-02',140.00,'PP',0,'2024-11-19 16:17:21','2024-11-19 16:17:21'),(1042,393,1,12,'2025-12-02',140.00,'PP',0,'2024-11-19 16:17:21','2024-11-19 16:17:21'),(1262,459,1,1,'2025-01-19',37.73,'PM',0,'2024-12-16 11:35:22','2025-01-18 08:30:20'),(1263,459,1,2,'2025-02-19',37.73,'PM',0,'2024-12-16 11:35:22','2025-02-17 21:49:40'),(1264,459,2,1,'2025-01-19',37.73,'PM',0,'2024-12-16 11:35:22','2025-01-18 08:30:20'),(1265,459,2,2,'2025-02-19',37.73,'PM',0,'2024-12-16 11:35:22','2025-02-17 21:49:40'),(1266,460,1,1,'2025-01-19',27.47,'PM',0,'2024-12-16 11:37:42','2025-01-18 08:30:20'),(1267,460,1,2,'2025-02-19',27.47,'PM',0,'2024-12-16 11:37:42','2025-02-17 21:49:40'),(1268,460,2,1,'2025-01-19',27.47,'PM',0,'2024-12-16 11:37:42','2025-01-18 08:30:20'),(1269,460,2,2,'2025-02-19',27.47,'PM',0,'2024-12-16 11:37:42','2025-02-17 21:49:40'),(1270,461,1,1,'2025-01-19',80.00,'PM',0,'2024-12-16 11:38:42','2025-01-18 08:30:20'),(1276,465,1,1,'2024-08-06',62.10,'PP',0,'2024-12-17 22:06:23','2024-12-17 22:06:23'),(1277,465,1,2,'2024-09-06',62.10,'PP',0,'2024-12-17 22:06:23','2024-12-17 22:06:23'),(1278,465,1,3,'2024-10-06',62.10,'PP',0,'2024-12-17 22:06:23','2024-12-17 22:06:23'),(1279,465,1,4,'2024-11-06',62.10,'PP',0,'2024-12-17 22:06:23','2024-12-17 22:06:23'),(1280,465,1,5,'2024-12-06',62.10,'PM',0,'2024-12-17 22:06:23','2024-12-23 14:40:18'),(1281,465,1,6,'2025-01-06',62.10,'PM',0,'2024-12-17 22:06:23','2025-01-04 02:39:11'),(1282,465,1,7,'2025-02-06',62.10,'PM',0,'2024-12-17 22:06:23','2025-02-03 10:50:35'),(1283,465,1,8,'2025-03-06',62.10,'PM',0,'2024-12-17 22:06:23','2025-03-01 20:23:15'),(1284,465,2,1,'2024-08-06',62.10,'PP',0,'2024-12-17 22:06:23','2024-12-17 22:06:23'),(1285,465,2,2,'2024-09-06',62.10,'PP',0,'2024-12-17 22:06:23','2024-12-17 22:06:23'),(1286,465,2,3,'2024-10-06',62.10,'PP',0,'2024-12-17 22:06:23','2024-12-17 22:06:23'),(1287,465,2,4,'2024-11-06',62.10,'PP',0,'2024-12-17 22:06:23','2024-12-17 22:06:23'),(1288,465,2,5,'2024-12-06',62.10,'PM',0,'2024-12-17 22:06:23','2024-12-23 14:40:18'),(1289,465,2,6,'2025-01-06',62.10,'PM',0,'2024-12-17 22:06:23','2025-01-06 16:09:36'),(1290,465,2,7,'2025-02-06',62.10,'PM',0,'2024-12-17 22:06:23','2025-02-03 10:50:35'),(1291,465,2,8,'2025-03-06',62.10,'PM',0,'2024-12-17 22:06:23','2025-03-01 20:23:15'),(1292,466,1,1,'2024-11-06',400.22,'PP',0,'2024-12-17 22:07:23','2024-12-17 22:07:23'),(1293,466,1,2,'2024-12-06',400.22,'PM',0,'2024-12-17 22:07:23','2024-12-23 14:40:18'),(1294,466,1,3,'2025-01-06',400.22,'PM',0,'2024-12-17 22:07:23','2025-01-04 02:39:14'),(1295,467,1,1,'2024-12-06',350.58,'PM',0,'2024-12-17 22:10:41','2024-12-23 14:40:18'),(1296,467,1,2,'2025-01-06',350.58,'PM',0,'2024-12-17 22:10:41','2025-01-04 02:39:15'),(1297,467,1,3,'2025-02-06',350.58,'PM',0,'2024-12-17 22:10:41','2025-02-03 10:50:35'),(1298,468,1,1,'2024-12-06',100.00,'PM',0,'2024-12-17 22:11:28','2024-12-23 14:40:18'),(1299,468,1,2,'2025-01-06',100.00,'PM',0,'2024-12-17 22:11:28','2025-01-04 02:39:17'),(1300,468,1,3,'2025-02-06',100.00,'PM',0,'2024-12-17 22:11:28','2025-02-03 10:50:35'),(1301,468,2,1,'2024-12-06',100.00,'PM',0,'2024-12-17 22:11:28','2024-12-23 14:40:18'),(1302,468,2,2,'2025-01-06',100.00,'PM',0,'2024-12-17 22:11:28','2025-01-06 16:09:35'),(1303,468,2,3,'2025-02-06',100.00,'PM',0,'2024-12-17 22:11:28','2025-02-03 10:50:35'),(1304,469,2,1,'2024-12-06',69.00,'PM',0,'2024-12-17 22:13:26','2024-12-23 14:40:18'),(1305,469,2,2,'2025-01-06',69.00,'PM',0,'2024-12-17 22:13:26','2025-01-06 16:09:34'),(1306,470,1,1,'2024-12-06',24.00,'PM',0,'2024-12-17 22:13:52','2024-12-23 14:40:18'),(1307,470,1,2,'2025-01-06',24.00,'PM',0,'2024-12-17 22:13:52','2025-01-04 02:39:19'),(1308,471,2,1,'2024-12-06',67.95,'PM',0,'2024-12-17 22:15:20','2024-12-23 14:40:18'),(1309,471,2,2,'2025-01-06',67.95,'PM',0,'2024-12-17 22:15:20','2025-01-06 16:09:33'),(1310,472,2,1,'2024-12-06',33.80,'PM',0,'2024-12-17 22:16:21','2024-12-23 14:40:18'),(1311,472,2,2,'2025-01-06',33.80,'PM',0,'2024-12-17 22:16:21','2025-01-06 16:09:32'),(1312,473,1,1,'2024-12-06',72.99,'PM',0,'2024-12-17 22:17:01','2024-12-23 14:40:18'),(1313,473,1,2,'2025-01-06',72.99,'PM',0,'2024-12-17 22:17:01','2025-01-04 02:39:21'),(1314,474,1,1,'2024-12-06',37.84,'PM',0,'2024-12-17 22:18:17','2024-12-23 14:40:18'),(1315,474,1,2,'2025-01-06',37.84,'PM',0,'2024-12-17 22:18:17','2025-01-04 02:39:22'),(1316,474,1,3,'2025-02-06',37.84,'PM',0,'2024-12-17 22:18:17','2025-02-03 10:50:35'),(1317,474,1,4,'2025-03-06',37.84,'PM',0,'2024-12-17 22:18:17','2025-03-01 20:23:15'),(1318,474,2,1,'2024-12-06',37.84,'PM',0,'2024-12-17 22:18:17','2024-12-23 14:40:18'),(1319,474,2,2,'2025-01-06',37.84,'PM',0,'2024-12-17 22:18:17','2025-01-06 16:09:31'),(1320,474,2,3,'2025-02-06',37.84,'PM',0,'2024-12-17 22:18:17','2025-02-03 10:50:35'),(1321,474,2,4,'2025-03-06',37.84,'PM',0,'2024-12-17 22:18:17','2025-03-01 20:23:15'),(1322,475,1,1,'2024-12-06',38.35,'PM',0,'2024-12-17 22:19:24','2024-12-23 14:40:18'),(1323,475,1,2,'2025-01-06',38.35,'PM',0,'2024-12-17 22:19:24','2025-01-04 02:39:24'),(1324,475,2,1,'2024-12-06',38.35,'PM',0,'2024-12-17 22:19:24','2024-12-23 14:40:18'),(1325,475,2,2,'2025-01-06',38.35,'PM',0,'2024-12-17 22:19:24','2025-01-06 16:09:30'),(1326,476,1,1,'2024-12-06',70.54,'PM',0,'2024-12-17 22:20:23','2024-12-23 14:40:18'),(1327,476,1,2,'2025-01-06',70.54,'PM',0,'2024-12-17 22:20:23','2025-01-04 02:39:28'),(1328,476,1,3,'2025-02-06',70.54,'PM',0,'2024-12-17 22:20:23','2025-02-03 10:50:35'),(1329,477,1,1,'2024-12-06',106.66,'PM',0,'2024-12-17 22:21:17','2024-12-23 14:40:18'),(1330,477,1,2,'2025-01-06',106.66,'PM',0,'2024-12-17 22:21:17','2025-01-04 02:39:29'),(1331,477,1,3,'2025-02-06',106.66,'PM',0,'2024-12-17 22:21:17','2025-02-03 10:50:35'),(1332,478,2,1,'2024-12-06',60.00,'PM',0,'2024-12-17 22:22:26','2024-12-23 14:40:18'),(1333,478,2,2,'2025-01-06',60.00,'PM',0,'2024-12-17 22:22:26','2025-01-06 16:09:29'),(1334,478,2,3,'2025-02-06',60.00,'PM',0,'2024-12-17 22:22:26','2025-02-03 10:50:35'),(1335,478,2,4,'2025-03-06',60.00,'PM',0,'2024-12-17 22:22:26','2025-03-01 20:23:15'),(1336,479,1,1,'2025-01-06',47.21,'PM',0,'2024-12-17 22:23:30','2025-01-04 02:39:31'),(1337,479,1,2,'2025-02-06',47.21,'PM',0,'2024-12-17 22:23:30','2025-02-03 10:50:35'),(1338,479,1,3,'2025-03-06',47.21,'PM',0,'2025-02-04 22:23:30','2025-03-01 20:23:15'),(1339,479,1,4,'2025-04-06',47.21,'PM',14,'2024-12-17 22:23:30','2025-04-01 11:40:25'),(1340,479,1,5,'2025-05-06',47.21,'PM',19,'2024-12-17 22:23:30','2025-05-02 11:36:23'),(1341,479,1,6,'2025-06-06',47.21,'PM',20,'2024-12-17 22:23:30','2025-06-10 20:47:57'),(1342,479,1,7,'2025-07-06',47.21,'PM',14,'2024-12-17 22:23:30','2025-07-01 21:17:18'),(1343,479,1,8,'2025-08-06',47.21,'PM',12,'2024-12-17 22:23:30','2025-08-04 17:11:00'),(1344,479,1,9,'2025-09-06',47.21,'PP',14,'2024-12-17 22:23:30','2025-08-05 13:26:17'),(1345,479,1,10,'2025-10-06',47.21,'PP',0,'2024-12-17 22:23:30','2024-12-17 22:23:30'),(1346,479,1,11,'2025-11-06',47.21,'PP',0,'2024-12-17 22:23:30','2024-12-17 22:23:30'),(1347,479,1,12,'2025-12-06',47.21,'PP',0,'2024-12-17 22:23:30','2024-12-17 22:23:30'),(1348,479,2,1,'2025-01-06',47.21,'PM',0,'2024-12-17 22:23:30','2025-01-06 16:09:27'),(1349,479,2,2,'2025-02-06',47.21,'PM',0,'2024-12-17 22:23:30','2025-02-03 10:50:35'),(1350,479,2,3,'2025-03-06',47.21,'PM',0,'2025-02-04 22:23:30','2025-03-01 20:23:15'),(1351,479,2,4,'2025-04-06',47.21,'PM',14,'2024-12-17 22:23:30','2025-04-01 11:40:25'),(1352,479,2,5,'2025-05-06',47.21,'PM',19,'2024-12-17 22:23:30','2025-05-02 11:36:23'),(1353,479,2,6,'2025-06-06',47.21,'PM',21,'2024-12-17 22:23:30','2025-06-10 20:47:57'),(1354,479,2,7,'2025-07-06',47.21,'PM',14,'2024-12-17 22:23:30','2025-07-01 21:17:18'),(1355,479,1,8,'2025-08-06',47.21,'PM',12,'2024-12-17 22:23:30','2025-08-04 17:11:00'),(1356,479,1,9,'2025-09-06',47.21,'PP',14,'2024-12-17 22:23:30','2025-08-05 13:26:21'),(1357,479,2,10,'2025-10-06',47.21,'PP',0,'2024-12-17 22:23:30','2024-12-17 22:23:30'),(1358,479,2,11,'2025-11-06',47.21,'PP',0,'2024-12-17 22:23:30','2024-12-17 22:23:30'),(1359,479,2,12,'2025-12-06',47.21,'PP',0,'2024-12-17 22:23:30','2024-12-17 22:23:30'),(1360,480,2,1,'2024-12-06',150.00,'PM',0,'2024-12-17 22:24:14','2024-12-23 14:40:18'),(1361,480,2,2,'2025-01-06',150.00,'PM',0,'2024-12-17 22:24:14','2025-01-06 16:09:26'),(1362,481,1,1,'2025-01-06',70.63,'PM',0,'2024-12-17 22:24:41','2025-01-04 02:39:37'),(1363,482,1,1,'2025-01-06',50.68,'PM',0,'2024-12-17 22:25:15','2025-01-04 02:39:39'),(1364,482,1,2,'2025-02-06',50.68,'PM',0,'2024-12-17 22:25:15','2025-02-03 10:50:35'),(1365,482,1,3,'2025-03-06',50.68,'PM',0,'2024-12-17 22:25:15','2025-03-01 20:23:15'),(1366,483,1,1,'2025-01-06',83.70,'PM',0,'2024-12-17 22:25:45','2025-01-04 02:39:41'),(1367,484,1,1,'2025-01-06',76.00,'PM',0,'2024-12-17 22:26:22','2025-01-04 02:39:43'),(1368,484,1,2,'2025-02-06',76.00,'PM',0,'2024-12-17 22:26:22','2025-02-03 10:50:35'),(1369,484,1,3,'2025-03-06',76.00,'PM',0,'2024-12-17 22:26:22','2025-03-01 20:23:15'),(1370,484,1,4,'2025-04-06',76.00,'PM',1,'2024-12-17 22:26:22','2025-04-01 11:40:25'),(1371,484,1,5,'2025-05-06',76.00,'PM',1,'2024-12-17 22:26:22','2025-05-02 11:36:23'),(1372,484,1,6,'2025-06-06',76.00,'PM',1,'2024-12-17 22:26:22','2025-06-10 20:47:57'),(1373,484,1,7,'2025-07-06',76.00,'PM',1,'2024-12-17 22:26:22','2025-07-01 21:17:18'),(1374,484,1,8,'2025-08-06',76.00,'PM',1,'2024-12-17 22:26:22','2025-08-04 17:11:00'),(1375,484,1,9,'2025-09-06',76.00,'PP',1,'2024-12-17 22:26:22','2025-08-05 13:22:21'),(1376,484,1,10,'2025-10-06',76.00,'PP',0,'2024-12-17 22:26:22','2024-12-17 22:26:22'),(1377,484,1,11,'2025-11-06',76.00,'PP',0,'2024-12-17 22:26:22','2024-12-17 22:26:22'),(1378,484,1,12,'2025-12-06',76.00,'PP',0,'2024-12-17 22:26:22','2024-12-17 22:26:22'),(1380,486,1,1,'2025-01-06',82.50,'PM',0,'2024-12-17 22:28:50','2025-01-04 02:39:44'),(1381,486,1,2,'2025-02-06',82.50,'PM',0,'2024-12-17 22:28:50','2025-02-03 10:50:35'),(1382,486,2,1,'2025-01-06',82.50,'PM',0,'2024-12-17 22:28:50','2025-01-06 16:09:20'),(1383,486,2,2,'2025-02-06',82.50,'PM',0,'2024-12-17 22:28:50','2025-02-03 10:50:35'),(1384,487,1,1,'2025-01-06',37.50,'PM',0,'2024-12-17 22:29:13','2025-01-04 02:39:46'),(1385,487,2,1,'2025-01-06',37.50,'PM',0,'2024-12-17 22:29:13','2025-01-06 16:09:19'),(1386,488,1,1,'2025-01-06',6.00,'PM',0,'2024-12-17 22:29:36','2025-01-04 02:39:47'),(1387,489,1,1,'2025-01-06',49.88,'PM',0,'2024-12-17 22:30:43','2025-01-04 02:39:55'),(1388,489,2,1,'2025-01-06',49.88,'PM',0,'2024-12-17 22:30:43','2025-01-06 16:09:18'),(1389,490,1,1,'2025-01-06',30.00,'PM',0,'2024-12-17 22:31:04','2025-01-04 02:39:57'),(1390,491,1,1,'2025-01-06',100.60,'PM',0,'2024-12-17 22:31:46','2025-01-04 02:39:59'),(1391,491,1,2,'2025-02-06',100.60,'PM',0,'2024-12-17 22:31:46','2025-02-03 10:50:35'),(1393,493,1,1,'2025-01-06',34.83,'PM',0,'2024-12-17 22:34:28','2025-01-04 02:40:02'),(1394,493,1,2,'2025-02-06',34.83,'PM',0,'2024-12-17 22:34:28','2025-02-03 10:50:35'),(1395,493,1,3,'2025-03-06',34.83,'PM',0,'2024-12-17 22:34:28','2025-03-01 20:23:15'),(1396,493,1,4,'2025-04-06',34.83,'PM',2,'2024-12-17 22:34:28','2025-04-01 11:40:25'),(1397,493,2,1,'2025-01-06',34.83,'PM',0,'2024-12-17 22:34:28','2025-01-06 16:09:17'),(1398,493,2,2,'2025-02-06',34.83,'PM',0,'2024-12-17 22:34:28','2025-02-03 10:50:35'),(1399,493,2,3,'2025-03-06',34.83,'PM',0,'2024-12-17 22:34:28','2025-03-01 20:23:15'),(1400,493,2,4,'2025-04-06',34.83,'PM',2,'2024-12-17 22:34:28','2025-04-01 11:40:25'),(1401,494,1,1,'2025-01-06',23.46,'PM',0,'2024-12-17 22:35:11','2025-01-04 02:40:04'),(1402,494,1,2,'2025-02-06',23.46,'PM',0,'2024-12-17 22:35:11','2025-02-03 10:50:35'),(1403,494,2,1,'2025-01-06',23.46,'PM',0,'2024-12-17 22:35:11','2025-01-06 16:09:16'),(1404,494,2,2,'2025-02-06',23.46,'PM',0,'2024-12-17 22:35:11','2025-02-03 10:50:35'),(1405,495,1,1,'2025-01-06',70.96,'PM',0,'2024-12-17 22:35:49','2025-01-04 02:40:07'),(1406,496,1,1,'2025-01-06',28.54,'PM',0,'2024-12-17 22:36:33','2025-01-04 02:40:08'),(1407,496,1,2,'2025-02-06',28.54,'PM',0,'2024-12-17 22:36:33','2025-02-03 10:50:35'),(1408,496,2,1,'2025-01-06',28.54,'PM',0,'2024-12-17 22:36:33','2025-01-06 16:09:15'),(1409,496,2,2,'2025-02-06',28.54,'PM',0,'2024-12-17 22:36:33','2025-02-03 10:50:35'),(1416,498,1,1,'2025-01-06',30.00,'PM',0,'2024-12-17 22:37:56','2025-01-04 02:40:10'),(1417,498,2,1,'2025-01-06',30.00,'PM',0,'2024-12-17 22:37:56','2025-01-06 16:09:14'),(1418,499,1,1,'2025-01-06',64.80,'PM',0,'2024-12-17 22:38:40','2025-01-04 02:40:12'),(1419,500,1,1,'2025-01-06',48.00,'PM',0,'2024-12-17 22:39:01','2025-01-04 02:40:14'),(1420,501,1,1,'2025-01-06',49.95,'PM',0,'2024-12-17 22:43:46','2025-01-04 02:40:16'),(1421,501,2,1,'2025-01-06',49.95,'PM',0,'2024-12-17 22:43:46','2025-01-06 16:09:13'),(1422,502,1,1,'2025-01-06',42.24,'PM',0,'2024-12-17 22:54:24','2025-01-04 02:40:28'),(1423,502,1,2,'2025-02-06',42.24,'PM',0,'2024-12-17 22:54:24','2025-02-03 10:50:35'),(1424,502,2,1,'2025-01-06',42.24,'PM',0,'2024-12-17 22:54:24','2025-01-06 16:09:11'),(1425,502,2,2,'2025-02-06',42.24,'PM',0,'2024-12-17 22:54:24','2025-02-03 10:50:35'),(1426,503,1,1,'2025-01-06',78.00,'PM',0,'2024-12-26 21:31:08','2025-01-04 02:40:27'),(1427,503,1,2,'2025-02-06',78.00,'PM',0,'2024-12-26 21:31:08','2025-02-03 10:50:35'),(1428,504,1,1,'2025-01-06',97.39,'PM',0,'2024-12-26 21:31:53','2025-01-04 02:40:25'),(1429,505,1,1,'2025-01-06',30.00,'PM',0,'2024-12-26 21:32:59','2025-01-04 02:40:24'),(1430,506,2,1,'2025-01-06',60.00,'PM',0,'2024-12-26 21:33:35','2025-01-06 16:09:10'),(1431,507,1,1,'2025-01-06',43.93,'PM',0,'2024-12-26 21:34:42','2025-01-04 02:40:22'),(1432,507,1,2,'2025-02-06',43.93,'PM',0,'2024-12-26 21:34:42','2025-02-03 10:50:35'),(1433,507,2,1,'2025-01-06',27.00,'PM',0,'2024-12-26 21:34:42','2025-01-06 16:09:09'),(1434,507,2,2,'2025-02-06',27.00,'PM',0,'2024-12-26 21:34:42','2025-02-03 10:50:35'),(1439,512,1,1,'2025-05-15',154.00,'PM',0,'2024-12-29 22:16:43','2025-05-02 11:39:24'),(1446,514,1,1,'2025-01-06',45.00,'PM',0,'2024-12-30 15:36:54','2025-01-04 02:40:21'),(1447,514,2,1,'2025-01-06',45.00,'PM',0,'2024-12-30 15:36:54','2025-01-06 16:09:08'),(1448,515,2,1,'2025-02-06',107.47,'PM',0,'2024-12-30 19:29:36','2025-02-03 10:50:35'),(1449,515,2,2,'2025-01-06',107.47,'PM',0,'2024-12-30 19:29:36','2025-01-06 16:09:07'),(1451,517,1,1,'2025-02-06',50.00,'PM',0,'2025-01-04 02:46:44','2025-02-03 10:50:35'),(1452,518,1,1,'2025-02-06',35.90,'PM',0,'2025-01-04 02:48:03','2025-02-03 10:50:35'),(1453,518,1,2,'2025-03-06',35.90,'PM',0,'2025-01-04 02:48:03','2025-03-01 20:23:15'),(1454,518,2,1,'2025-02-06',35.90,'PM',0,'2025-01-04 02:48:03','2025-02-03 10:50:35'),(1455,518,2,2,'2025-03-06',35.90,'PM',0,'2025-01-04 02:48:03','2025-03-01 20:23:15'),(1456,519,1,1,'2025-02-06',32.09,'PM',0,'2025-01-04 02:48:45','2025-02-03 10:50:35'),(1457,520,2,1,'2025-02-06',20.00,'PM',0,'2025-01-05 21:31:08','2025-02-03 10:50:35'),(1458,521,1,1,'2025-02-06',43.07,'PM',0,'2025-01-05 21:32:10','2025-02-03 10:50:35'),(1459,521,2,1,'2025-02-06',43.07,'PM',0,'2025-01-05 21:32:10','2025-02-03 10:50:35'),(1460,522,1,1,'2025-02-06',39.74,'PM',0,'2025-01-06 22:52:41','2025-02-03 10:50:35'),(1461,522,1,2,'2025-03-06',39.74,'PM',0,'2025-01-06 22:52:41','2025-03-01 20:23:15'),(1462,522,2,1,'2025-02-06',39.74,'PM',0,'2025-01-06 22:52:41','2025-02-03 10:50:35'),(1463,522,2,2,'2025-03-06',39.74,'PM',0,'2025-01-06 22:52:41','2025-03-01 20:23:15'),(1464,523,2,1,'2025-02-06',68.66,'PM',0,'2025-01-09 00:14:46','2025-02-03 10:50:35'),(1465,523,2,2,'2025-03-06',68.66,'PM',0,'2025-01-09 00:14:46','2025-03-01 20:23:15'),(1466,523,2,3,'2025-04-06',68.66,'PM',3,'2025-01-09 00:14:46','2025-04-01 11:40:25'),(1467,523,2,4,'2025-05-06',68.66,'PM',3,'2025-01-09 00:14:46','2025-05-02 11:36:23'),(1468,523,2,5,'2025-06-06',68.66,'PM',2,'2025-01-09 00:14:46','2025-06-10 20:47:57'),(1469,523,2,6,'2025-07-06',68.66,'PM',2,'2025-01-09 00:14:46','2025-07-01 21:17:18'),(1470,523,2,7,'2025-08-06',68.67,'PM',2,'2025-01-09 00:14:46','2025-08-04 17:11:00'),(1471,523,2,8,'2025-09-06',68.66,'PP',2,'2025-01-09 00:14:46','2025-08-05 13:22:25'),(1472,523,2,9,'2025-10-06',68.66,'PP',0,'2025-01-09 00:14:46','2025-01-09 00:14:46'),(1473,523,2,10,'2025-11-06',68.66,'PP',0,'2025-01-09 00:14:46','2025-01-09 00:14:46'),(1474,524,2,1,'2025-02-06',40.00,'PM',0,'2025-01-09 00:15:58','2025-02-03 10:50:35'),(1475,525,1,1,'2025-02-06',20.00,'PM',0,'2025-01-09 00:16:22','2025-02-03 10:50:35'),(1476,526,1,1,'2025-02-06',29.25,'PM',0,'2025-01-13 09:29:48','2025-02-03 10:50:35'),(1477,526,1,2,'2025-03-06',29.25,'PM',0,'2025-01-13 09:29:48','2025-03-01 20:23:15'),(1478,526,2,1,'2025-02-06',29.25,'PM',0,'2025-01-13 09:29:48','2025-02-03 10:50:35'),(1479,526,2,2,'2025-03-06',29.25,'PM',0,'2025-01-13 09:29:48','2025-03-01 20:23:15'),(1480,527,1,1,'2025-02-06',50.00,'PM',0,'2025-01-13 09:30:25','2025-02-03 10:50:35'),(1481,528,1,1,'2025-02-06',45.00,'PM',0,'2025-01-13 09:31:36','2025-02-03 10:50:35'),(1482,529,1,1,'2025-02-06',32.50,'PM',0,'2025-01-13 09:32:37','2025-02-03 10:50:35'),(1483,529,1,2,'2025-03-06',32.50,'PM',0,'2025-01-13 09:32:37','2025-03-01 20:23:15'),(1484,529,1,3,'2025-04-06',32.50,'PM',6,'2025-01-13 09:32:37','2025-04-01 11:40:25'),(1485,529,1,4,'2025-05-06',32.50,'PM',5,'2025-01-13 09:32:37','2025-05-02 11:36:23'),(1486,529,2,1,'2025-02-06',32.50,'PM',0,'2025-01-13 09:32:37','2025-02-03 10:50:35'),(1487,529,2,2,'2025-03-06',32.50,'PM',0,'2025-01-13 09:32:37','2025-03-01 20:23:15'),(1488,529,2,3,'2025-04-06',32.50,'PM',6,'2025-01-13 09:32:37','2025-04-01 11:40:25'),(1489,529,2,4,'2025-05-06',32.50,'PM',5,'2025-01-13 09:32:37','2025-05-02 11:36:23'),(1490,530,1,1,'2025-02-06',30.00,'PM',0,'2025-01-13 09:33:46','2025-02-03 10:50:35'),(1491,530,1,2,'2025-03-06',30.00,'PM',0,'2025-01-11 09:33:46','2025-03-01 20:23:15'),(1492,530,1,3,'2025-04-06',30.00,'PM',4,'2025-01-13 09:33:46','2025-04-01 11:40:25'),(1493,530,2,1,'2025-02-06',30.00,'PM',0,'2025-01-13 09:33:46','2025-02-03 10:50:35'),(1494,530,2,2,'2025-03-06',30.00,'PM',0,'2025-01-11 09:33:46','2025-03-01 20:23:15'),(1495,530,2,3,'2025-04-06',30.00,'PM',4,'2025-01-13 09:33:46','2025-04-01 11:40:25'),(1496,531,1,1,'2025-02-06',74.39,'PM',0,'2025-01-13 09:37:28','2025-02-03 10:50:35'),(1497,531,1,2,'2025-03-06',70.39,'PM',0,'2025-01-12 09:37:28','2025-03-01 20:23:15'),(1498,532,1,1,'2025-02-06',57.08,'PM',0,'2025-01-13 10:21:42','2025-02-03 10:50:35'),(1499,532,1,2,'2025-03-06',57.08,'PM',0,'2025-01-13 10:21:42','2025-03-01 20:23:15'),(1500,532,1,3,'2025-04-06',57.08,'PM',5,'2025-01-13 10:21:42','2025-04-01 11:40:25'),(1501,532,1,4,'2025-05-06',57.08,'PM',7,'2025-01-13 10:21:42','2025-05-02 11:36:23'),(1502,532,1,5,'2025-06-06',57.08,'PM',3,'2025-01-13 10:21:42','2025-06-10 20:47:57'),(1503,532,1,6,'2025-07-06',57.08,'PM',3,'2025-01-13 10:21:42','2025-07-01 21:17:18'),(1504,532,2,1,'2025-02-06',57.08,'PM',0,'2025-01-13 10:21:42','2025-02-03 10:50:35'),(1505,532,2,2,'2025-03-06',57.08,'PM',0,'2025-01-13 10:21:42','2025-03-01 20:23:15'),(1506,532,2,3,'2025-04-06',57.08,'PM',5,'2025-01-13 10:21:42','2025-04-01 11:40:25'),(1507,532,2,4,'2025-05-06',57.08,'PM',7,'2025-01-13 10:21:42','2025-05-02 11:36:23'),(1508,532,2,5,'2025-06-06',57.08,'PM',3,'2025-01-13 10:21:42','2025-06-10 20:47:57'),(1509,532,2,6,'2025-07-06',57.08,'PM',3,'2025-01-13 10:21:42','2025-07-01 21:17:18'),(1513,534,1,1,'2025-02-06',17.50,'PM',0,'2025-01-14 14:07:49','2025-02-03 10:50:35'),(1514,534,2,1,'2025-02-06',17.50,'PM',0,'2025-01-14 14:07:49','2025-02-03 10:50:35'),(1515,535,1,1,'2025-02-06',15.00,'PM',0,'2025-01-14 14:08:38','2025-02-03 10:50:35'),(1516,536,1,1,'2025-02-06',100.00,'PM',0,'2025-01-18 08:29:46','2025-02-03 10:50:35'),(1517,537,1,1,'2025-02-06',35.65,'PM',0,'2025-01-20 11:15:38','2025-02-03 10:50:35'),(1518,537,1,2,'2025-03-06',35.65,'PM',0,'2025-01-20 11:15:38','2025-03-01 20:23:15'),(1519,537,1,3,'2025-04-06',35.65,'PM',7,'2025-01-20 11:15:38','2025-04-01 11:40:25'),(1520,538,1,1,'2025-02-06',15.00,'PM',0,'2025-01-20 11:17:56','2025-02-03 10:50:35'),(1521,538,2,1,'2025-02-06',15.00,'PM',0,'2025-01-20 11:17:56','2025-02-03 10:50:35'),(1522,539,1,1,'2025-02-06',12.50,'PM',0,'2025-01-20 11:18:34','2025-02-03 10:50:35'),(1523,539,2,1,'2025-02-06',12.50,'PM',0,'2025-01-20 11:18:34','2025-02-03 10:50:35'),(1524,540,1,1,'2025-02-06',10.00,'PM',0,'2025-01-20 11:19:17','2025-02-03 10:50:35'),(1525,540,2,1,'2025-02-06',10.00,'PM',0,'2025-01-20 11:19:17','2025-02-03 10:50:35'),(1526,541,1,1,'2025-02-06',8.75,'PM',0,'2025-01-20 11:19:54','2025-02-03 10:50:35'),(1527,541,2,1,'2025-02-06',8.75,'PM',0,'2025-01-20 11:19:54','2025-02-03 10:50:35'),(1529,543,1,1,'2025-02-06',30.00,'PM',0,'2025-01-20 11:23:31','2025-02-03 10:50:35'),(1530,543,2,1,'2025-02-06',30.00,'PM',0,'2025-01-20 11:23:31','2025-02-03 10:50:35'),(1531,544,1,1,'2025-02-06',35.64,'PM',0,'2025-01-22 09:06:12','2025-02-03 10:50:35'),(1532,544,1,2,'2025-03-06',35.64,'PM',0,'2025-01-22 09:06:12','2025-03-01 20:23:15'),(1533,544,1,3,'2025-04-06',35.64,'PM',7,'2025-01-22 09:06:12','2025-04-01 11:40:25'),(1535,545,1,2,'2025-03-01',40.00,'PM',0,'2025-01-22 20:45:07','2025-03-01 20:35:47'),(1536,545,1,3,'2025-04-01',35.00,'PM',0,'2025-01-22 20:45:07','2025-04-02 12:32:04'),(1537,545,1,4,'2025-05-01',40.00,'PM',0,'2025-01-22 20:45:07','2025-05-02 11:37:02'),(1538,545,1,5,'2025-06-01',40.00,'PM',0,'2025-01-22 20:45:07','2025-06-02 15:25:34'),(1539,545,1,6,'2025-07-01',40.00,'PM',0,'2025-01-22 20:45:07','2025-07-01 19:14:54'),(1540,545,1,7,'2025-08-01',40.00,'PM',0,'2025-01-22 20:45:07','2025-08-04 17:10:59'),(1541,545,1,8,'2025-09-01',40.00,'PP',0,'2025-01-22 20:45:07','2025-01-22 20:45:07'),(1542,545,1,9,'2025-10-01',40.00,'PP',0,'2025-01-22 20:45:07','2025-01-22 20:45:07'),(1543,545,1,10,'2025-11-01',40.00,'PP',0,'2025-01-22 20:45:07','2025-01-22 20:45:07'),(1544,545,1,11,'2025-12-01',40.00,'PP',0,'2025-01-22 20:45:07','2025-01-22 20:45:07'),(1545,546,1,1,'2025-01-01',154.00,'PM',0,'2025-01-22 20:48:24','2025-01-22 20:48:37'),(1547,546,1,3,'2025-03-01',154.00,'PM',0,'2025-01-22 20:48:24','2025-03-01 20:35:49'),(1548,546,1,4,'2025-04-01',154.00,'PM',0,'2025-01-22 20:48:24','2025-04-02 12:32:06'),(1549,546,1,5,'2025-05-01',154.00,'PM',0,'2025-01-22 20:48:24','2025-05-02 11:39:22'),(1563,550,1,1,'2025-03-02',262.50,'PM',1,'2025-01-26 21:45:33','2025-03-01 20:23:15'),(1564,550,1,2,'2025-04-02',262.50,'PM',6,'2025-01-27 21:45:33','2025-04-01 11:40:25'),(1565,550,1,3,'2025-05-02',262.50,'PM',1,'2025-01-27 21:45:33','2025-05-02 11:36:23'),(1566,550,1,4,'2025-06-02',262.50,'PM',3,'2025-01-27 21:45:33','2025-06-02 15:25:09'),(1567,550,1,5,'2025-07-02',262.50,'PM',4,'2025-01-27 21:45:33','2025-07-01 21:17:18'),(1568,550,1,6,'2025-08-02',262.50,'PM',7,'2025-01-27 21:45:33','2025-08-04 17:10:59'),(1569,551,1,1,'2025-03-02',56.96,'PM',2,'2025-01-27 21:48:24','2025-03-01 20:23:15'),(1570,552,1,1,'2025-03-02',85.45,'PM',4,'2025-01-30 01:15:20','2025-03-01 20:23:15'),(1571,553,1,1,'2025-03-02',64.50,'PM',3,'2025-01-30 01:15:10','2025-03-01 20:23:15'),(1572,554,1,1,'2025-03-02',37.59,'PM',5,'2025-01-31 01:15:36','2025-03-01 20:23:15'),(1573,555,1,1,'2025-03-02',40.50,'PM',7,'2025-01-31 01:16:29','2025-03-01 20:23:15'),(1574,555,2,1,'2025-03-02',40.50,'PM',6,'2025-01-31 01:16:29','2025-03-01 20:23:15'),(1575,556,1,1,'2025-03-02',72.31,'PM',10,'2025-01-31 13:12:05','2025-03-01 20:23:15'),(1576,557,2,1,'2025-03-02',57.50,'PM',9,'2025-01-31 01:16:40','2025-03-01 20:23:15'),(1577,557,2,2,'2025-04-02',57.50,'PM',1,'2025-01-27 21:45:38','2025-04-01 11:40:25'),(1578,557,2,3,'2025-05-02',57.50,'PM',2,'2025-01-31 14:41:16','2025-05-02 11:36:23'),(1579,557,2,4,'2025-06-02',57.50,'PM',2,'2025-01-31 14:41:16','2025-06-02 15:25:09'),(1580,558,1,1,'2025-03-02',149.37,'PM',13,'2025-01-31 14:58:00','2025-03-01 20:23:15'),(1581,559,1,1,'2025-03-02',39.16,'PM',14,'2025-01-31 14:58:36','2025-03-01 20:23:15'),(1582,560,1,1,'2025-03-02',203.16,'PM',11,'2025-01-31 14:57:00','2025-03-01 20:23:15'),(1583,561,1,1,'2025-03-02',42.52,'PM',12,'2025-01-31 14:58:00','2025-03-01 20:23:15'),(1584,561,1,2,'2025-04-02',42.52,'PM',4,'2025-02-01 11:47:38','2025-04-01 11:40:25'),(1585,561,1,3,'2025-05-02',42.52,'PM',3,'2025-02-01 11:47:38','2025-05-02 11:36:23'),(1586,561,1,4,'2025-06-02',42.52,'PM',1,'2025-02-01 11:47:38','2025-06-02 15:25:09'),(1588,563,1,1,'2025-03-02',51.57,'PM',8,'2025-01-31 01:16:30','2025-03-01 20:23:15'),(1589,563,1,2,'2025-04-02',51.56,'PM',3,'2025-01-27 21:45:35','2025-04-01 11:40:25'),(1591,565,1,1,'2025-03-06',51.99,'PM',0,'2025-02-03 11:20:27','2025-03-01 20:23:15'),(1592,565,1,2,'2025-04-06',51.99,'PM',8,'2025-02-03 11:20:27','2025-04-01 11:40:25'),(1593,565,1,3,'2025-05-06',51.99,'PM',9,'2025-02-03 11:20:27','2025-05-02 11:36:23'),(1594,565,2,1,'2025-03-06',51.99,'PM',0,'2025-02-03 11:20:27','2025-03-01 20:23:15'),(1595,565,2,2,'2025-04-06',51.99,'PM',8,'2025-02-03 11:20:27','2025-04-01 11:40:25'),(1596,565,2,3,'2025-05-06',51.99,'PM',9,'2025-02-03 11:20:27','2025-05-02 11:36:23'),(1597,566,2,1,'2025-03-06',11.99,'PM',0,'2025-02-03 11:20:56','2025-03-01 20:23:15'),(1598,567,2,1,'2025-02-19',61.49,'PM',0,'2025-02-03 11:23:16','2025-02-17 21:49:40'),(1599,567,2,2,'2025-03-19',61.49,'PM',0,'2025-02-03 11:23:16','2025-03-18 18:51:42'),(1600,567,2,3,'2025-04-19',61.49,'PM',6,'2025-02-03 11:23:16','2025-04-21 21:42:22'),(1601,567,2,4,'2025-05-19',61.49,'PM',2,'2025-02-03 11:23:16','2025-05-15 23:05:41'),(1602,568,2,1,'2025-02-19',63.32,'PM',0,'2025-02-03 11:24:08','2025-02-17 21:49:40'),(1603,568,2,2,'2025-03-19',63.32,'PM',0,'2025-02-03 11:24:08','2025-03-18 18:51:42'),(1604,568,2,3,'2025-04-19',63.31,'PM',4,'2025-02-03 11:24:08','2025-04-21 21:42:22'),(1605,569,1,1,'2025-02-19',70.00,'PM',0,'2025-02-03 11:25:18','2025-02-17 21:49:40'),(1606,569,2,1,'2025-02-19',70.00,'PM',0,'2025-02-03 11:25:18','2025-02-17 21:49:40'),(1607,570,1,1,'2025-02-19',32.22,'PM',0,'2025-02-03 11:26:21','2025-02-17 21:49:40'),(1608,570,2,1,'2025-02-19',32.22,'PM',0,'2025-02-03 11:26:21','2025-02-17 21:49:40'),(1609,571,1,1,'2025-02-19',37.53,'PM',0,'2025-02-03 11:27:02','2025-02-17 21:49:40'),(1610,572,1,1,'2025-03-06',22.50,'PM',0,'2025-02-03 22:48:08','2025-03-01 20:23:15'),(1611,572,2,1,'2025-03-06',22.50,'PM',0,'2025-02-03 22:48:08','2025-03-01 20:23:15'),(1612,573,1,1,'2025-03-02',121.00,'PM',17,'2025-02-10 12:32:13','2025-03-01 20:23:15'),(1613,573,1,2,'2025-04-02',121.00,'PM',5,'2025-01-27 21:45:34','2025-04-01 11:40:25'),(1614,573,1,3,'2025-05-02',121.00,'PM',5,'2025-02-10 12:32:13','2025-05-02 11:36:23'),(1615,574,1,1,'2025-03-02',28.90,'PM',16,'2025-01-31 14:58:39','2025-03-01 20:23:15'),(1616,575,1,1,'2025-03-02',90.23,'PM',15,'2025-01-31 14:58:37','2025-03-01 20:23:15'),(1617,575,1,2,'2025-04-02',90.22,'PM',2,'2025-01-27 21:45:36','2025-04-01 11:40:25'),(1618,575,1,3,'2025-05-02',90.23,'PM',4,'2025-02-10 12:33:29','2025-05-02 11:36:23'),(1619,576,1,1,'2025-03-06',27.50,'PM',0,'2025-02-13 13:03:57','2025-03-01 20:23:15'),(1620,576,2,1,'2025-03-06',27.50,'PM',0,'2025-02-13 13:03:57','2025-03-01 20:23:15'),(1621,577,2,1,'2025-03-06',65.49,'PM',0,'2025-02-13 13:05:16','2025-03-01 20:23:15'),(1622,577,2,2,'2025-04-06',65.49,'PM',9,'2025-02-13 13:05:16','2025-04-01 11:40:25'),(1623,578,1,1,'2025-03-06',28.99,'PM',0,'2025-02-13 13:06:12','2025-03-01 20:23:15'),(1624,578,2,1,'2025-03-06',28.99,'PM',0,'2025-02-13 13:06:12','2025-03-01 20:23:15'),(1625,579,1,1,'2025-03-06',32.24,'PM',0,'2025-02-13 13:06:53','2025-03-01 20:23:15'),(1626,579,2,1,'2025-03-06',32.24,'PM',0,'2025-02-13 13:06:53','2025-03-01 20:23:15'),(1627,580,1,1,'2025-03-06',72.16,'PM',0,'2025-02-13 13:08:06','2025-03-01 20:23:15'),(1628,580,1,2,'2025-04-06',72.16,'PM',12,'2025-02-13 13:08:06','2025-04-01 11:40:25'),(1629,580,1,3,'2025-05-06',72.16,'PM',10,'2025-02-13 13:08:06','2025-05-02 11:36:23'),(1630,581,1,1,'2025-03-06',53.00,'PM',0,'2025-02-13 13:08:46','2025-03-01 20:23:15'),(1631,581,1,2,'2025-04-06',53.00,'PM',11,'2025-02-13 13:08:46','2025-04-01 11:40:25'),(1632,582,1,1,'2025-03-06',53.66,'PM',0,'2025-02-13 13:09:51','2025-03-01 20:23:15'),(1633,582,1,2,'2025-04-06',53.66,'PM',10,'2025-02-13 13:09:51','2025-04-01 11:40:25'),(1644,584,1,1,'2025-03-15',89.29,'PM',0,'2025-02-20 00:47:14','2025-03-01 20:23:15'),(1645,584,1,2,'2025-04-15',89.29,'PM',0,'2025-02-20 00:47:14','2025-04-02 12:41:42'),(1646,584,1,3,'2025-05-15',89.29,'PM',0,'2025-02-20 00:47:14','2025-05-02 11:42:24'),(1647,584,1,4,'2025-06-15',89.29,'PM',0,'2025-02-20 00:47:14','2025-06-02 15:25:09'),(1648,584,1,5,'2025-07-15',89.29,'PM',0,'2025-02-20 00:47:14','2025-07-01 19:14:58'),(1649,584,1,6,'2025-08-15',89.29,'PM',0,'2025-02-20 00:47:14','2025-08-04 17:15:45'),(1650,584,1,7,'2025-09-15',89.29,'PP',0,'2025-02-20 00:47:14','2025-02-20 00:47:14'),(1651,584,1,8,'2025-10-15',89.29,'PP',0,'2025-02-20 00:47:14','2025-02-20 00:47:14'),(1652,584,1,9,'2025-11-15',89.29,'PP',0,'2025-02-20 00:47:14','2025-02-20 00:47:14'),(1653,584,1,10,'2025-12-15',89.29,'PP',0,'2025-02-20 00:47:14','2025-02-20 00:47:14'),(1654,585,1,1,'2025-03-06',81.40,'PM',0,'2025-02-24 11:44:33','2025-03-01 20:23:15'),(1655,586,1,1,'2025-03-06',50.79,'PM',0,'2025-02-24 11:45:02','2025-03-01 20:23:15'),(1656,587,1,1,'2025-03-06',29.00,'PM',0,'2025-02-24 11:48:19','2025-03-01 20:23:15'),(1657,587,2,1,'2025-03-06',29.00,'PM',0,'2025-02-24 11:48:19','2025-03-01 20:23:15'),(1658,588,1,1,'2025-03-06',24.25,'PM',0,'2025-02-24 11:49:04','2025-03-01 20:23:15'),(1659,588,2,1,'2025-03-06',24.25,'PM',0,'2025-02-24 11:49:04','2025-03-01 20:23:15'),(1660,589,1,1,'2025-03-06',21.00,'PM',0,'2025-02-24 11:49:40','2025-03-01 20:23:15'),(1661,590,1,1,'2025-03-06',89.98,'PM',0,'2025-02-24 11:50:34','2025-03-01 20:23:15'),(1662,591,1,1,'2025-03-06',15.00,'PM',0,'2025-02-24 11:51:07','2025-03-01 20:23:15'),(1663,592,1,1,'2025-03-06',73.50,'PM',0,'2025-02-24 11:53:10','2025-03-01 20:23:15'),(1664,592,2,1,'2025-03-06',73.50,'PM',0,'2025-02-24 11:53:10','2025-03-01 20:23:15'),(1665,593,1,1,'2025-03-06',69.55,'PM',0,'2025-02-24 11:53:41','2025-03-01 20:23:15'),(1666,594,1,1,'2025-04-02',25.00,'PM',7,'2025-02-28 19:28:43','2025-04-01 11:40:25'),(1667,594,2,1,'2025-04-02',25.00,'PM',7,'2025-02-28 19:28:43','2025-04-01 11:40:25'),(1668,595,1,1,'2025-04-02',95.00,'PM',7,'2025-02-28 19:30:22','2025-04-01 11:40:25'),(1669,595,2,1,'2025-04-02',95.00,'PM',7,'2025-02-28 19:30:22','2025-04-01 11:40:25'),(1670,596,1,1,'2025-04-02',27.50,'PM',9,'2025-02-28 19:30:57','2025-04-01 11:40:25'),(1671,596,2,1,'2025-04-02',27.50,'PM',9,'2025-02-28 19:30:57','2025-04-01 11:40:25'),(1672,597,1,1,'2025-04-02',43.98,'PM',11,'2025-02-28 19:35:04','2025-04-01 11:40:25'),(1673,598,1,1,'2025-04-02',8.11,'PM',10,'2025-02-28 19:35:59','2025-04-01 11:40:25'),(1674,599,1,1,'2025-04-02',169.77,'PM',12,'2025-02-28 19:36:42','2025-04-01 11:40:25'),(1675,600,1,1,'2025-03-19',37.03,'PM',0,'2025-03-03 14:50:15','2025-03-18 18:51:42'),(1676,601,1,1,'2025-04-02',48.00,'PM',13,'2025-03-03 17:52:29','2025-04-01 11:40:25'),(1677,602,1,1,'2025-04-02',24.72,'PM',16,'2025-03-03 17:53:55','2025-04-01 11:40:25'),(1678,603,1,1,'2025-03-06',28.94,'PM',0,'2025-03-04 14:29:49','2025-03-18 18:51:42'),(1679,603,2,1,'2025-03-06',28.94,'PM',0,'2025-03-04 14:29:49','2025-03-18 18:51:42'),(1680,604,1,1,'2025-04-06',28.94,'PM',13,'2025-03-04 14:31:15','2025-04-01 11:40:25'),(1681,604,2,1,'2025-04-06',28.94,'PM',13,'2025-03-04 14:31:15','2025-04-01 11:40:25'),(1682,605,2,1,'2025-02-19',72.50,'PP',0,'2025-03-04 14:37:19','2025-03-04 14:37:19'),(1683,605,2,2,'2025-03-19',72.50,'PM',0,'2025-03-04 14:37:19','2025-03-18 18:51:42'),(1684,605,2,3,'2025-04-19',72.49,'PM',3,'2025-03-04 14:37:19','2025-04-21 21:42:22'),(1685,606,1,1,'2025-04-02',100.00,'PM',15,'2025-03-04 17:35:57','2025-04-01 11:40:25'),(1686,607,2,1,'2025-03-18',217.50,'PM',0,'2025-03-05 17:38:08','2025-03-18 18:51:42'),(1687,607,2,2,'2025-04-18',217.50,'PM',0,'2025-03-05 17:38:08','2025-04-21 21:42:22'),(1688,607,2,3,'2025-05-18',217.50,'PM',0,'2025-03-05 17:38:08','2025-05-15 23:05:41'),(1689,607,2,4,'2025-06-18',217.50,'PM',0,'2025-03-05 17:38:08','2025-06-23 19:35:20'),(1690,607,2,5,'2025-07-18',217.50,'PM',0,'2025-03-05 17:38:08','2025-07-21 15:57:06'),(1691,607,2,6,'2025-08-18',217.50,'PP',0,'2025-03-05 17:38:08','2025-03-05 17:38:08'),(1692,607,2,7,'2025-09-18',217.50,'PP',0,'2025-03-05 17:38:08','2025-03-05 17:38:08'),(1693,607,2,8,'2025-10-18',217.50,'PP',0,'2025-03-05 17:38:08','2025-03-05 17:38:08'),(1694,607,2,9,'2025-11-18',217.50,'PP',0,'2025-03-05 17:38:08','2025-03-05 17:38:08'),(1695,607,2,10,'2025-12-18',217.50,'PP',0,'2025-03-05 17:38:08','2025-03-05 17:38:08'),(1696,607,2,11,'2026-01-18',217.50,'PP',0,'2025-03-05 17:38:08','2025-03-05 17:38:08'),(1697,607,2,12,'2026-02-18',217.50,'PP',0,'2025-03-05 17:38:08','2025-03-05 17:38:08'),(1698,607,2,13,'2026-03-18',217.50,'PP',0,'2025-03-05 17:38:08','2025-03-05 17:38:08'),(1699,607,2,14,'2026-04-18',217.50,'PP',0,'2025-03-05 17:38:08','2025-03-05 17:38:08'),(1700,607,2,15,'2026-05-18',217.50,'PP',0,'2025-03-05 17:38:08','2025-03-05 17:38:08'),(1701,607,2,16,'2026-06-18',217.50,'PP',0,'2025-03-05 17:38:08','2025-03-05 17:38:08'),(1702,607,2,17,'2026-07-18',217.50,'PP',0,'2025-03-05 17:38:08','2025-03-05 17:38:08'),(1703,607,2,18,'2026-08-18',217.50,'PP',0,'2025-03-05 17:38:08','2025-03-05 17:38:08'),(1704,607,2,19,'2026-09-18',217.50,'PP',0,'2025-03-05 17:38:08','2025-03-05 17:38:08'),(1705,607,2,20,'2026-10-18',217.50,'PP',0,'2025-03-05 17:38:08','2025-03-05 17:38:08'),(1706,607,2,21,'2026-11-18',217.50,'PP',0,'2025-03-05 17:38:08','2025-03-05 17:38:08'),(1707,607,2,22,'2026-12-18',217.50,'PP',0,'2025-03-05 17:38:08','2025-03-05 17:38:08'),(1708,607,2,23,'2027-01-18',217.50,'PP',0,'2025-03-05 17:38:08','2025-03-05 17:38:08'),(1709,607,2,24,'2027-02-18',217.50,'PP',0,'2025-03-05 17:38:08','2025-03-05 17:38:08'),(1710,608,1,1,'2025-04-02',55.00,'PM',0,'2025-03-05 17:59:30','2025-04-01 11:40:25'),(1711,608,2,1,'2025-04-02',55.00,'PM',40,'2025-03-05 17:59:30','2025-04-01 11:40:25'),(1712,609,1,1,'2025-04-02',30.50,'PM',0,'2025-03-11 12:50:30','2025-04-01 11:40:25'),(1713,609,2,1,'2025-04-02',30.50,'PM',0,'2025-03-11 12:50:30','2025-04-01 11:40:25'),(1714,610,1,1,'2025-04-06',95.97,'PM',18,'2025-03-11 12:53:04','2025-04-01 11:40:25'),(1715,611,1,1,'2025-04-02',50.00,'PM',44,'2025-03-13 21:43:38','2025-04-01 11:40:25'),(1716,612,1,1,'2025-04-02',138.02,'PM',42,'2025-03-13 21:45:13','2025-04-01 11:40:25'),(1717,613,1,1,'2025-04-19',137.50,'PM',10,'2025-03-13 21:49:46','2025-04-21 21:42:22'),(1718,613,1,2,'2025-05-19',137.50,'PM',3,'2025-03-13 21:49:46','2025-05-15 23:05:41'),(1719,613,1,3,'2025-06-19',137.50,'PM',2,'2025-03-13 21:49:46','2025-06-23 19:35:20'),(1720,613,1,4,'2025-07-19',137.50,'PM',2,'2025-03-13 21:49:46','2025-07-21 15:57:06'),(1721,613,2,1,'2025-04-19',137.50,'PM',10,'2025-03-13 21:49:46','2025-04-21 21:42:22'),(1722,613,2,2,'2025-05-19',137.50,'PM',3,'2025-03-13 21:49:46','2025-05-15 23:05:41'),(1723,613,2,3,'2025-06-19',137.50,'PM',2,'2025-03-13 21:49:46','2025-06-23 19:35:20'),(1724,613,2,4,'2025-07-19',137.50,'PM',2,'2025-03-13 21:49:46','2025-07-21 15:57:06'),(1725,614,1,1,'2025-04-06',55.73,'PM',19,'2025-03-13 21:58:53','2025-04-01 11:40:25'),(1726,614,1,2,'2025-05-06',55.73,'PM',11,'2025-03-13 21:58:53','2025-05-02 11:36:23'),(1727,614,1,3,'2025-06-06',55.73,'PM',4,'2025-03-13 21:58:53','2025-06-10 20:47:57'),(1728,615,1,1,'2025-04-06',34.55,'PM',21,'2025-03-18 10:06:40','2025-04-01 11:40:25'),(1729,615,1,2,'2025-05-06',34.55,'PM',12,'2025-03-18 10:06:40','2025-05-02 11:36:23'),(1730,615,1,3,'2025-06-06',34.55,'PM',5,'2025-03-18 10:06:40','2025-06-10 20:47:57'),(1731,615,1,4,'2025-07-06',34.55,'PM',4,'2025-03-18 10:06:40','2025-07-01 21:17:18'),(1732,615,1,5,'2025-08-06',34.54,'PM',3,'2025-03-18 10:06:40','2025-08-04 17:11:00'),(1733,615,1,6,'2025-09-06',34.55,'PP',3,'2025-03-18 10:06:40','2025-08-05 13:23:10'),(1734,615,1,7,'2025-10-06',34.55,'PP',0,'2025-03-18 10:06:40','2025-03-18 10:06:40'),(1735,615,1,8,'2025-11-06',34.55,'PP',0,'2025-03-18 10:06:40','2025-03-18 10:06:40'),(1736,615,1,9,'2025-12-06',34.55,'PP',0,'2025-03-18 10:06:40','2025-03-18 10:06:40'),(1737,615,1,10,'2026-01-06',34.55,'PP',0,'2025-03-18 10:06:40','2025-03-18 10:06:40'),(1738,615,1,11,'2026-02-06',34.55,'PP',0,'2025-03-18 10:06:40','2025-03-18 10:06:40'),(1739,615,1,12,'2026-03-06',34.55,'PP',0,'2025-03-18 10:06:40','2025-03-18 10:06:40'),(1740,615,2,1,'2025-04-06',34.55,'PM',21,'2025-03-18 10:06:40','2025-04-01 11:40:25'),(1741,615,2,2,'2025-05-06',34.55,'PM',12,'2025-03-18 10:06:40','2025-05-02 11:36:23'),(1742,615,2,3,'2025-06-06',34.55,'PM',5,'2025-03-18 10:06:40','2025-06-10 20:47:57'),(1743,615,2,4,'2025-07-06',34.55,'PM',4,'2025-03-18 10:06:40','2025-07-01 21:17:18'),(1744,615,1,5,'2025-08-06',34.55,'PM',3,'2025-03-18 10:06:40','2025-08-04 17:11:00'),(1745,615,1,6,'2025-09-06',34.55,'PP',3,'2025-03-18 10:06:40','2025-08-05 13:22:48'),(1746,615,1,7,'2025-10-06',34.55,'PP',0,'2025-03-18 10:06:40','2025-07-14 23:55:52'),(1747,615,1,8,'2025-11-06',34.55,'PP',0,'2025-03-18 10:06:40','2025-07-14 23:56:09'),(1748,615,1,9,'2025-12-06',34.55,'PP',0,'2025-03-18 10:06:40','2025-07-14 23:56:23'),(1749,615,1,10,'2026-01-06',34.55,'PP',0,'2025-03-18 10:06:40','2025-07-14 23:56:39'),(1750,615,1,11,'2026-02-06',34.55,'PP',0,'2025-03-18 10:06:40','2025-07-14 23:56:54'),(1751,615,1,12,'2026-03-06',34.55,'PP',0,'2025-03-18 10:06:40','2025-07-14 23:57:08'),(1752,616,1,1,'2025-04-06',61.69,'PM',20,'2025-03-18 10:07:29','2025-04-01 11:40:25'),(1754,618,1,1,'2025-04-06',49.49,'PM',26,'2025-03-18 10:09:51','2025-04-01 11:40:25'),(1755,618,2,1,'2025-04-06',49.49,'PM',25,'2025-03-18 10:09:51','2025-04-01 11:40:25'),(1757,620,1,1,'2025-04-06',38.28,'PM',27,'2025-03-24 11:27:14','2025-04-01 11:40:25'),(1758,621,2,1,'2025-04-06',45.00,'PM',28,'2025-03-24 11:28:09','2025-04-01 11:40:25'),(1759,622,1,1,'2025-04-06',11.17,'PM',29,'2025-03-24 11:28:51','2025-04-01 11:40:25'),(1760,623,1,1,'2025-04-06',13.21,'PM',31,'2025-03-24 11:29:37','2025-04-01 11:40:25'),(1761,624,1,1,'2025-04-06',52.53,'PM',30,'2025-03-24 11:30:02','2025-04-01 11:40:25'),(1762,625,1,1,'2025-04-06',42.28,'PM',33,'2025-03-24 11:31:11','2025-04-01 11:40:25'),(1763,625,2,1,'2025-04-06',42.28,'PM',32,'2025-03-24 11:31:11','2025-04-01 11:40:25'),(1767,627,1,1,'2025-04-06',96.77,'PM',37,'2025-03-24 11:34:48','2025-04-01 11:40:25'),(1768,628,1,1,'2025-04-06',56.73,'PM',38,'2025-03-24 11:35:14','2025-04-01 11:40:25'),(1769,629,1,1,'2025-04-06',28.00,'PM',39,'2025-03-24 11:36:55','2025-04-01 11:40:25'),(1770,629,2,1,'2025-04-06',28.00,'PM',39,'2025-03-24 11:36:55','2025-04-01 11:40:25'),(1771,630,1,1,'2025-04-19',52.48,'PM',12,'2025-03-25 22:23:39','2025-04-21 21:42:22'),(1772,630,1,2,'2025-05-19',52.48,'PM',4,'2025-03-25 22:23:39','2025-05-15 23:05:41'),(1773,630,2,1,'2025-04-19',52.48,'PM',13,'2025-03-25 22:23:39','2025-04-21 21:42:22'),(1774,630,2,2,'2025-05-19',52.48,'PM',4,'2025-03-25 22:23:39','2025-05-15 23:05:41'),(1778,633,1,1,'2025-04-06',26.65,'PM',42,'2025-03-31 13:17:11','2025-04-01 11:40:25'),(1779,633,2,1,'2025-04-06',26.65,'PM',42,'2025-03-31 13:17:11','2025-04-01 11:40:25'),(1780,634,1,1,'2025-04-06',13.16,'PM',43,'2025-03-31 13:17:44','2025-04-01 11:40:25'),(1781,635,1,1,'2025-04-06',16.96,'PM',44,'2025-03-31 13:18:03','2025-04-01 11:40:25'),(1782,636,1,1,'2025-04-06',53.42,'PM',49,'2025-03-31 13:19:02','2025-04-01 11:40:25'),(1783,636,1,2,'2025-05-06',53.42,'PM',17,'2025-03-31 13:19:02','2025-05-02 11:36:23'),(1784,636,2,1,'2025-04-06',53.42,'PM',48,'2025-03-31 13:19:02','2025-04-01 11:40:25'),(1785,636,2,2,'2025-05-06',53.42,'PM',17,'2025-03-31 13:19:02','2025-05-02 11:36:23'),(1786,637,1,1,'2025-04-06',45.40,'PM',46,'2025-03-31 13:19:59','2025-04-01 11:40:25'),(1787,638,1,1,'2025-04-06',52.62,'PM',40,'2025-03-31 13:37:00','2025-04-01 11:40:25'),(1788,638,1,2,'2025-05-06',52.62,'PM',15,'2025-03-31 13:37:00','2025-05-02 11:36:23'),(1789,639,1,1,'2025-04-06',55.37,'PM',43,'2025-03-31 13:42:50','2025-04-01 11:40:25'),(1790,639,1,2,'2025-05-06',55.37,'PM',13,'2025-03-31 13:42:50','2025-05-02 11:36:23'),(1791,639,1,3,'2025-06-06',55.37,'PM',6,'2025-03-31 13:42:50','2025-06-10 20:47:57'),(1792,639,1,4,'2025-07-06',55.37,'PM',5,'2025-03-31 13:42:50','2025-07-01 21:17:18'),(1793,640,1,1,'2025-05-06',100.00,'PM',20,'2025-04-07 22:47:40','2025-05-02 11:36:23'),(1794,641,1,1,'2025-05-06',29.90,'PM',22,'2025-04-07 22:48:49','2025-05-02 11:36:23'),(1795,641,1,2,'2025-06-06',29.90,'PM',7,'2025-04-07 22:48:49','2025-06-10 20:47:57'),(1796,641,1,3,'2025-07-06',29.90,'PM',6,'2025-04-07 22:48:49','2025-07-01 21:17:18'),(1797,641,1,4,'2025-08-06',29.90,'PM',4,'2025-04-07 22:48:49','2025-08-04 17:11:00'),(1798,641,1,5,'2025-09-06',29.90,'PP',4,'2025-04-07 22:48:49','2025-08-05 13:24:50'),(1799,641,1,6,'2025-10-06',29.90,'PP',0,'2025-04-07 22:48:49','2025-04-07 22:48:49'),(1800,641,1,7,'2025-11-06',29.90,'PP',0,'2025-04-07 22:48:49','2025-04-07 22:48:49'),(1801,641,1,8,'2025-12-06',29.90,'PP',0,'2025-04-07 22:48:49','2025-04-07 22:48:49'),(1802,641,1,9,'2026-01-06',29.90,'PP',0,'2025-04-07 22:48:49','2025-04-07 22:48:49'),(1803,641,1,10,'2026-02-06',29.90,'PP',0,'2025-04-07 22:48:49','2025-04-07 22:48:49'),(1804,641,1,11,'2026-03-06',29.90,'PP',0,'2025-04-07 22:48:49','2025-04-07 22:48:49'),(1805,641,1,12,'2026-04-06',29.90,'PP',0,'2025-04-07 22:48:49','2025-04-07 22:48:49'),(1806,642,1,1,'2025-05-06',97.87,'PM',21,'2025-04-07 22:49:27','2025-05-02 11:36:23'),(1807,642,2,1,'2025-05-06',97.87,'PM',21,'2025-04-07 22:49:27','2025-05-02 11:36:23'),(1808,643,1,1,'2025-05-06',74.95,'PM',24,'2025-04-07 22:50:32','2025-05-02 11:36:23'),(1809,643,2,1,'2025-05-06',74.95,'PM',24,'2025-04-07 22:50:32','2025-05-02 11:36:23'),(1810,644,1,1,'2025-05-06',55.47,'PM',23,'2025-04-07 22:51:13','2025-05-02 11:36:23'),(1811,644,1,2,'2025-06-06',55.47,'PM',9,'2025-04-07 22:51:13','2025-06-10 20:47:57'),(1812,644,2,1,'2025-05-06',55.47,'PM',23,'2025-04-07 22:51:13','2025-05-02 11:36:23'),(1813,644,2,2,'2025-06-06',55.47,'PM',8,'2025-04-07 22:51:13','2025-06-10 20:47:57'),(1814,645,2,1,'2025-05-06',92.78,'PM',27,'2025-04-16 01:45:01','2025-05-02 11:36:23'),(1815,645,2,2,'2025-06-06',92.78,'PM',12,'2025-04-16 01:45:01','2025-06-10 20:47:57'),(1816,645,2,3,'2025-07-06',92.78,'PM',7,'2025-04-16 01:45:01','2025-07-01 21:17:18'),(1817,646,1,1,'2025-05-06',33.69,'PM',27,'2025-04-16 01:46:48','2025-05-02 11:36:23'),(1818,646,1,2,'2025-06-06',33.69,'PM',10,'2025-04-16 01:46:48','2025-06-10 20:47:57'),(1819,646,1,3,'2025-07-06',33.69,'PM',7,'2025-04-16 01:46:48','2025-07-01 21:17:18'),(1820,646,2,1,'2025-05-06',33.69,'PM',27,'2025-04-16 01:46:48','2025-05-02 11:36:23'),(1821,646,2,2,'2025-06-06',33.69,'PM',11,'2025-04-16 01:46:48','2025-06-10 20:47:57'),(1822,646,2,3,'2025-07-06',33.69,'PM',7,'2025-04-16 01:46:48','2025-07-01 21:17:18'),(1823,647,1,1,'2025-05-06',24.90,'PM',18,'2025-04-17 12:12:06','2025-05-02 11:36:23'),(1824,648,1,1,'2025-05-06',78.99,'PM',25,'2025-04-17 12:20:31','2025-05-02 11:36:23'),(1825,649,1,1,'2025-05-06',60.50,'PM',26,'2025-04-17 12:22:03','2025-05-02 11:36:23'),(1826,650,1,1,'2025-05-06',17.35,'PM',27,'2025-04-17 12:24:29','2025-05-02 11:36:23'),(1827,651,1,1,'2025-05-06',43.50,'PM',28,'2025-04-17 12:25:12','2025-05-02 11:36:23'),(1828,651,2,1,'2025-05-06',43.50,'PM',28,'2025-04-17 12:25:12','2025-05-02 11:36:23'),(1829,652,1,1,'2025-05-19',64.59,'PM',5,'2025-04-21 19:03:58','2025-05-15 23:05:41'),(1830,652,1,2,'2025-06-19',64.59,'PM',4,'2025-04-21 19:03:58','2025-06-23 19:35:20'),(1831,652,1,3,'2025-07-19',64.59,'PM',4,'2025-04-21 19:03:58','2025-07-21 15:57:06'),(1832,652,2,1,'2025-05-19',64.59,'PM',5,'2025-04-21 19:03:58','2025-05-15 23:05:41'),(1833,652,2,2,'2025-06-19',64.59,'PM',3,'2025-04-21 19:03:58','2025-06-23 19:35:20'),(1834,652,2,3,'2025-07-19',64.59,'PM',3,'2025-04-21 19:03:58','2025-07-21 15:57:06'),(1835,653,1,1,'2025-05-06',39.55,'PM',32,'2025-04-21 21:51:07','2025-05-02 11:36:23'),(1836,654,1,1,'2025-05-06',6.00,'PM',30,'2025-04-21 21:51:36','2025-05-02 11:36:23'),(1837,655,1,1,'2025-05-06',112.48,'PM',31,'2025-04-21 21:52:32','2025-05-02 11:36:23'),(1838,655,1,2,'2025-06-06',112.48,'PM',14,'2025-04-21 21:52:32','2025-06-10 20:47:57'),(1840,657,1,1,'2025-05-06',37.90,'PM',33,'2025-04-21 21:53:42','2025-05-02 11:36:23'),(1841,658,1,1,'2025-05-06',23.84,'PM',34,'2025-04-21 21:54:21','2025-05-02 11:36:23'),(1842,658,2,1,'2025-05-06',23.84,'PM',34,'2025-04-21 21:54:21','2025-05-02 11:36:23'),(1844,660,1,1,'2025-05-06',17.35,'PM',29,'2025-05-02 11:05:05','2025-05-02 11:36:23'),(1845,661,1,1,'2025-05-06',30.50,'PM',35,'2025-05-02 11:16:07','2025-05-02 11:36:23'),(1846,661,2,1,'2025-05-06',30.50,'PM',35,'2025-05-02 11:16:07','2025-05-02 11:36:23'),(1847,662,1,1,'2025-05-06',63.24,'PM',36,'2025-05-02 11:20:05','2025-05-02 11:36:23'),(1848,663,1,1,'2025-05-06',100.00,'PM',37,'2025-05-02 11:21:21','2025-05-02 11:36:23'),(1849,664,1,1,'2025-05-06',57.67,'PM',38,'2025-05-02 11:22:07','2025-05-02 11:36:23'),(1850,665,1,1,'2025-05-06',94.00,'PM',39,'2025-05-02 11:23:38','2025-05-02 11:36:23'),(1851,665,1,2,'2025-06-06',94.00,'PM',15,'2025-05-02 11:23:38','2025-06-10 20:47:57'),(1852,665,1,3,'2025-07-06',94.00,'PM',8,'2025-05-02 11:23:38','2025-07-01 21:17:18'),(1853,665,1,4,'2025-08-06',94.00,'PM',5,'2025-05-02 11:23:38','2025-08-04 17:11:00'),(1854,665,1,5,'2025-09-06',94.00,'PP',5,'2025-05-02 11:23:38','2025-08-05 13:24:53'),(1855,665,1,6,'2025-10-06',94.00,'PP',0,'2025-05-02 11:23:38','2025-05-02 11:23:38'),(1856,665,1,7,'2025-11-06',94.00,'PP',0,'2025-05-02 11:23:38','2025-05-02 11:23:38'),(1857,665,1,8,'2025-12-06',94.00,'PP',0,'2025-05-02 11:23:38','2025-05-02 11:23:38'),(1858,665,1,9,'2026-01-06',94.00,'PP',0,'2025-05-02 11:23:38','2025-05-02 11:23:38'),(1859,665,1,10,'2026-02-06',94.00,'PP',0,'2025-05-02 11:23:38','2025-05-02 11:23:38'),(1860,665,1,11,'2026-03-06',94.00,'PP',0,'2025-05-02 11:23:38','2025-05-02 11:23:38'),(1861,665,1,12,'2026-04-06',94.00,'PP',0,'2025-05-02 11:23:38','2025-05-02 11:23:38'),(1863,667,1,1,'2025-06-02',60.40,'PM',5,'2025-05-05 12:51:30','2025-06-02 15:25:09'),(1864,667,1,2,'2025-07-02',60.40,'PM',2,'2025-05-05 12:51:30','2025-07-01 21:17:18'),(1865,667,2,1,'2025-06-02',60.40,'PM',5,'2025-05-05 12:51:30','2025-06-02 15:25:09'),(1866,667,2,2,'2025-07-02',60.40,'PM',2,'2025-05-05 12:51:30','2025-07-01 21:17:18'),(1867,668,1,1,'2025-06-02',123.82,'PM',6,'2025-05-05 12:52:07','2025-06-02 15:25:09'),(1868,669,1,1,'2025-06-02',107.28,'PM',7,'2025-05-05 12:52:53','2025-06-02 15:25:09'),(1869,669,1,2,'2025-07-02',107.28,'PM',3,'2025-05-05 12:52:53','2025-07-01 21:17:18'),(1870,669,1,3,'2025-08-02',107.28,'PM',5,'2025-05-05 12:52:53','2025-08-04 17:10:59'),(1871,669,1,4,'2025-09-02',107.28,'PP',12,'2025-05-05 12:52:53','2025-08-05 13:10:59'),(1872,670,1,1,'2025-06-02',81.49,'PM',8,'2025-05-05 12:53:33','2025-06-02 15:25:09'),(1873,671,1,1,'2025-06-02',46.45,'PM',9,'2025-05-05 12:54:09','2025-06-02 15:25:09'),(1874,671,1,2,'2025-07-02',46.45,'PM',1,'2025-05-05 12:54:09','2025-07-01 21:17:18'),(1876,673,1,1,'2025-06-02',7.70,'PM',11,'2025-05-05 12:55:09','2025-06-02 15:25:09'),(1877,674,1,1,'2025-06-02',30.00,'PM',13,'2025-05-05 12:55:53','2025-06-02 15:25:09'),(1878,674,2,1,'2025-06-02',30.00,'PM',12,'2025-05-05 12:55:53','2025-06-02 15:25:09'),(1879,675,1,1,'2025-06-02',42.31,'PM',14,'2025-05-05 12:56:35','2025-06-02 15:25:09'),(1880,676,1,1,'2025-06-02',57.50,'PM',4,'2025-05-05 12:59:03','2025-06-02 15:25:09'),(1881,677,1,1,'2025-06-02',29.90,'PM',10,'2025-05-05 13:01:28','2025-06-02 15:25:09'),(1882,678,1,1,'2025-06-06',101.60,'PM',22,'2025-05-06 20:52:44','2025-06-10 20:47:57'),(1883,678,1,2,'2025-07-06',101.60,'PM',9,'2025-05-06 20:52:44','2025-07-01 21:17:18'),(1884,678,1,3,'2025-08-06',101.60,'PM',6,'2025-05-06 20:52:44','2025-08-04 17:11:00'),(1885,678,1,4,'2025-09-06',101.60,'PP',6,'2025-05-06 20:52:44','2025-08-05 13:24:58'),(1886,678,1,5,'2025-10-06',101.60,'PP',0,'2025-05-06 20:52:44','2025-05-06 20:52:44'),(1887,679,1,1,'2025-06-06',19.90,'PM',24,'2025-05-12 13:15:10','2025-06-10 20:47:57'),(1888,679,1,2,'2025-07-06',19.90,'PM',10,'2025-05-12 13:15:10','2025-07-01 21:17:18'),(1889,679,1,3,'2025-08-06',19.90,'PM',7,'2025-05-12 13:15:10','2025-08-04 17:11:00'),(1890,679,1,4,'2025-09-06',19.90,'PP',7,'2025-05-12 13:15:10','2025-08-05 13:25:06'),(1891,679,1,5,'2025-10-06',19.90,'PP',0,'2025-05-12 13:15:10','2025-05-12 13:15:10'),(1892,679,1,6,'2025-11-06',19.90,'PP',0,'2025-05-12 13:15:10','2025-05-12 13:15:10'),(1893,679,1,7,'2025-12-06',19.90,'PP',0,'2025-05-12 13:15:10','2025-05-12 13:15:10'),(1894,679,1,8,'2026-01-06',19.90,'PP',0,'2025-05-12 13:15:10','2025-05-12 13:15:10'),(1895,679,1,9,'2026-02-06',19.90,'PP',0,'2025-05-12 13:15:10','2025-05-12 13:15:10'),(1896,679,1,10,'2026-03-06',19.90,'PP',0,'2025-05-12 13:15:10','2025-05-12 13:15:10'),(1897,679,1,11,'2026-04-06',19.90,'PP',0,'2025-05-12 13:15:10','2025-05-12 13:15:10'),(1898,679,1,12,'2026-05-06',19.90,'PP',0,'2025-05-12 13:15:10','2025-05-12 13:15:10'),(1899,680,1,1,'2025-06-02',33.50,'PM',15,'2025-05-12 13:17:04','2025-06-02 15:25:09'),(1900,680,2,1,'2025-06-02',33.50,'PM',15,'2025-05-12 13:17:04','2025-06-02 15:25:09'),(1901,681,1,1,'2025-05-19',35.91,'PM',0,'2025-05-13 10:40:56','2025-05-15 23:05:41'),(1902,682,1,1,'2025-06-06',27.50,'PM',26,'2025-05-15 22:58:33','2025-06-10 20:47:57'),(1903,682,2,1,'2025-06-06',27.50,'PM',23,'2025-05-15 22:58:33','2025-06-10 20:47:57'),(1904,683,1,1,'2025-06-06',132.49,'PM',29,'2025-05-15 23:05:14','2025-06-10 20:47:57'),(1905,683,1,2,'2025-07-06',132.49,'PM',30,'2025-05-15 23:05:14','2025-07-01 21:17:18'),(1906,683,1,3,'2025-08-06',132.49,'PM',25,'2025-05-15 23:05:14','2025-08-04 17:10:59'),(1907,683,1,4,'2025-09-06',132.49,'PP',15,'2025-05-15 23:05:14','2025-08-05 13:26:26'),(1908,683,1,5,'2025-10-06',132.49,'PP',0,'2025-05-15 23:05:14','2025-05-15 23:05:14'),(1909,683,1,6,'2025-11-06',132.49,'PP',0,'2025-05-15 23:05:14','2025-05-15 23:05:14'),(1910,683,1,7,'2025-12-06',132.49,'PP',0,'2025-05-15 23:05:14','2025-05-15 23:05:14'),(1911,683,1,8,'2026-01-06',132.49,'PP',0,'2025-05-15 23:05:14','2025-05-15 23:05:14'),(1912,683,1,9,'2026-02-06',132.49,'PP',0,'2025-05-15 23:05:14','2025-05-15 23:05:14'),(1913,683,1,10,'2026-03-06',132.49,'PP',0,'2025-05-15 23:05:14','2025-05-15 23:05:14'),(1914,683,1,11,'2026-04-06',132.49,'PP',0,'2025-05-15 23:05:14','2025-05-15 23:05:14'),(1915,683,1,12,'2026-05-06',132.49,'PP',0,'2025-05-15 23:05:14','2025-05-15 23:05:14'),(1916,684,1,1,'2025-06-06',30.00,'PM',27,'2025-05-21 23:08:55','2025-06-10 20:47:57'),(1917,684,2,1,'2025-06-06',30.00,'PM',27,'2025-05-21 23:08:55','2025-06-10 20:47:57'),(1918,685,1,1,'2025-06-06',84.39,'PM',28,'2025-05-21 23:09:37','2025-06-10 20:47:57'),(1919,685,1,2,'2025-07-06',84.39,'PM',11,'2025-05-21 23:09:37','2025-07-01 21:17:18'),(1920,685,1,3,'2025-08-06',84.39,'PM',8,'2025-05-21 23:09:37','2025-08-04 17:11:00'),(1921,686,1,1,'2025-06-06',39.78,'PM',30,'2025-05-27 10:08:28','2025-06-10 20:47:57'),(1922,687,1,1,'2025-06-06',56.17,'PM',31,'2025-05-27 10:09:14','2025-06-10 20:47:57'),(1923,688,1,1,'2025-06-06',44.74,'PM',33,'2025-05-27 10:09:54','2025-06-10 20:47:57'),(1924,689,1,1,'2025-06-06',26.72,'PM',32,'2025-05-27 10:10:42','2025-06-10 20:47:57'),(1925,690,1,1,'2025-06-06',9.10,'PM',34,'2025-05-27 10:11:19','2025-06-10 20:47:57'),(1926,691,1,1,'2025-06-06',23.62,'PM',36,'2025-05-27 10:12:06','2025-06-10 20:47:57'),(1927,692,1,1,'2025-06-06',85.10,'PM',35,'2025-05-27 10:12:41','2025-06-10 20:47:57'),(1928,693,1,1,'2025-06-06',29.90,'PM',37,'2025-05-27 10:13:22','2025-06-10 20:47:57'),(1930,695,1,1,'2025-07-02',27.50,'PM',5,'2025-05-28 00:06:08','2025-07-01 21:17:18'),(1931,695,2,1,'2025-07-02',27.50,'PM',5,'2025-05-28 00:06:08','2025-07-01 21:17:18'),(1932,696,2,1,'2025-06-06',145.91,'PM',38,'2025-06-02 15:08:35','2025-06-10 20:47:57'),(1933,696,2,2,'2025-07-06',145.91,'PM',12,'2025-06-02 15:08:35','2025-07-01 21:17:18'),(1934,696,2,3,'2025-08-06',145.91,'PM',9,'2025-06-02 15:08:35','2025-08-04 17:11:00'),(1935,696,2,4,'2025-09-06',145.91,'PP',8,'2025-06-02 15:08:35','2025-08-05 13:25:09'),(1936,696,2,5,'2025-10-06',145.91,'PP',0,'2025-06-02 15:08:35','2025-06-02 15:08:35'),(1937,696,2,6,'2025-11-06',145.91,'PP',0,'2025-06-02 15:08:35','2025-06-02 15:08:35'),(1938,696,2,7,'2025-12-06',145.91,'PP',0,'2025-06-02 15:08:35','2025-06-02 15:08:35'),(1939,696,2,8,'2026-01-06',145.91,'PP',0,'2025-06-02 15:08:35','2025-06-02 15:08:35'),(1940,696,2,9,'2026-02-06',145.91,'PP',0,'2025-06-02 15:08:35','2025-06-02 15:08:35'),(1941,696,2,10,'2026-03-06',145.91,'PP',0,'2025-06-02 15:08:35','2025-06-02 15:08:35'),(1942,696,2,11,'2026-04-06',145.91,'PP',0,'2025-06-02 15:08:35','2025-06-02 15:08:35'),(1943,696,2,12,'2026-05-06',145.91,'PP',0,'2025-06-02 15:08:35','2025-06-02 15:08:35'),(1944,697,1,1,'2025-06-19',36.00,'PM',0,'2025-06-02 15:18:01','2025-06-23 19:35:20'),(1945,698,1,1,'2025-07-02',136.63,'PM',7,'2025-06-03 12:36:24','2025-07-01 21:17:18'),(1946,698,1,2,'2025-08-02',136.63,'PM',2,'2025-06-03 12:36:24','2025-08-04 17:10:59'),(1947,698,1,3,'2025-09-02',136.63,'PP',1,'2025-06-03 12:36:24','2025-08-05 13:07:55'),(1948,699,1,1,'2025-07-02',6.30,'PM',8,'2025-06-03 12:37:07','2025-07-01 21:17:18'),(1950,701,1,1,'2025-07-02',6.00,'PM',10,'2025-06-03 12:38:06','2025-07-01 21:17:18'),(1951,702,1,1,'2025-07-02',29.89,'PM',11,'2025-06-03 12:38:42','2025-07-01 21:17:18'),(1956,705,1,1,'2025-07-02',26.03,'PM',14,'2025-06-03 12:40:33','2025-07-01 21:17:18'),(1957,706,1,1,'2025-07-02',31.85,'PM',15,'2025-06-03 12:41:06','2025-07-01 21:17:18'),(1958,707,1,1,'2025-07-02',19.90,'PM',16,'2025-06-03 12:41:40','2025-07-01 21:17:18'),(1960,709,1,1,'2025-07-02',13.68,'PM',18,'2025-06-03 12:42:40','2025-07-01 21:17:18'),(1961,710,1,1,'2025-07-02',85.00,'PM',12,'2025-06-03 12:51:27','2025-07-01 21:17:18'),(1962,710,1,2,'2025-08-02',85.00,'PM',4,'2025-06-03 12:51:27','2025-08-04 17:10:59'),(1963,710,1,3,'2025-09-02',85.00,'PP',9,'2025-06-03 12:51:27','2025-08-05 13:10:47'),(1964,710,1,4,'2025-10-02',85.00,'PP',0,'2025-06-03 12:51:27','2025-06-03 12:51:27'),(1965,710,1,5,'2025-11-02',85.00,'PP',0,'2025-06-03 12:51:27','2025-06-03 12:51:27'),(1966,710,1,6,'2025-12-02',85.00,'PP',0,'2025-06-03 12:51:27','2025-06-03 12:51:27'),(1967,711,1,1,'2025-07-02',32.50,'PM',24,'2025-06-10 01:02:30','2025-07-01 21:17:18'),(1968,711,2,1,'2025-07-02',32.50,'PM',25,'2025-06-10 01:02:30','2025-07-01 21:17:18'),(1969,712,1,1,'2025-07-02',27.50,'PM',21,'2025-06-10 01:03:59','2025-07-01 21:17:18'),(1970,712,2,1,'2025-07-02',27.50,'PM',20,'2025-06-10 01:03:59','2025-07-01 21:17:18'),(1972,714,1,1,'2025-07-02',46.72,'PM',23,'2025-06-10 01:06:02','2025-07-01 21:17:18'),(1973,714,1,2,'2025-08-02',46.72,'PM',9,'2025-06-10 01:06:02','2025-08-04 17:10:59'),(1974,715,2,1,'2025-07-02',5.95,'PM',26,'2025-06-17 12:25:00','2025-07-01 21:17:18'),(1975,716,2,1,'2025-07-02',43.35,'PM',27,'2025-06-17 12:25:34','2025-07-01 21:17:18'),(1976,717,1,1,'2025-07-02',23.39,'PM',0,'2025-06-17 22:36:09','2025-07-01 21:17:18'),(1977,717,1,2,'2025-08-02',23.39,'PM',3,'2025-06-17 22:36:09','2025-08-04 17:10:59'),(1978,717,1,3,'2025-09-02',23.39,'PP',5,'2025-06-17 22:36:09','2025-08-05 13:09:43'),(1979,717,1,4,'2025-10-02',23.39,'PP',0,'2025-06-17 22:36:09','2025-06-17 22:36:09'),(1980,717,1,5,'2025-11-02',23.39,'PP',0,'2025-06-17 22:36:09','2025-06-17 22:36:09'),(1981,718,1,1,'2025-07-02',23.39,'PM',0,'2025-06-17 22:36:26','2025-07-01 21:17:18'),(1982,718,1,2,'2025-08-02',23.39,'PM',7,'2025-06-17 22:36:26','2025-08-04 17:10:59'),(1983,718,1,3,'2025-09-02',23.39,'PP',8,'2025-06-17 22:36:26','2025-08-05 13:10:03'),(1984,718,1,4,'2025-10-02',23.39,'PP',0,'2025-06-17 22:36:26','2025-06-17 22:36:26'),(1985,718,1,5,'2025-11-02',23.39,'PP',0,'2025-06-17 22:36:26','2025-06-17 22:36:26'),(1986,719,1,1,'2025-07-02',32.23,'PM',0,'2025-06-17 22:37:31','2025-07-01 21:17:18'),(1987,719,1,2,'2025-08-02',32.23,'PM',10,'2025-06-17 22:37:31','2025-08-04 17:10:59'),(1988,720,1,1,'2025-07-02',39.22,'PM',0,'2025-06-17 22:38:40','2025-07-01 21:17:18'),(1989,720,1,2,'2025-08-02',39.22,'PM',8,'2025-06-17 22:38:40','2025-08-04 17:10:59'),(1990,721,1,1,'2025-07-02',35.64,'PM',0,'2025-06-17 22:39:53','2025-07-01 21:17:18'),(1991,721,1,2,'2025-08-02',35.64,'PM',1,'2025-06-17 22:39:53','2025-08-04 17:10:59'),(1992,722,1,1,'2025-07-06',79.41,'PM',13,'2025-06-30 11:51:56','2025-07-01 21:17:18'),(1993,722,1,2,'2025-08-06',79.41,'PM',10,'2025-06-30 11:51:56','2025-08-04 17:11:00'),(1994,722,1,3,'2025-09-06',79.41,'PP',9,'2025-06-30 11:51:56','2025-08-05 13:25:12'),(1995,723,1,1,'2025-07-06',40.50,'PM',15,'2025-06-30 11:53:44','2025-07-01 21:17:18'),(1996,723,2,1,'2025-07-06',40.50,'PM',15,'2025-06-30 11:53:44','2025-07-01 21:17:18'),(1997,724,1,1,'2025-07-06',28.30,'PM',16,'2025-06-30 11:54:14','2025-07-01 21:17:18'),(1998,725,1,1,'2025-07-06',91.06,'PM',17,'2025-06-30 11:55:00','2025-07-01 21:17:18'),(1999,726,1,1,'2025-07-06',45.95,'PM',18,'2025-06-30 11:55:51','2025-07-01 21:17:18'),(2000,727,1,1,'2025-07-06',22.99,'PM',19,'2025-06-30 11:56:12','2025-07-01 21:17:18'),(2001,728,1,1,'2025-07-06',100.00,'PM',20,'2025-06-30 11:56:41','2025-07-01 21:17:18'),(2002,729,1,1,'2025-07-06',54.34,'PM',21,'2025-06-30 11:57:46','2025-07-01 21:17:18'),(2003,729,2,1,'2025-07-06',54.34,'PM',22,'2025-06-30 11:57:46','2025-07-01 21:17:18'),(2004,730,1,1,'2025-07-06',25.00,'PM',23,'2025-06-30 11:58:17','2025-07-01 21:17:18'),(2005,731,1,1,'2025-07-06',44.00,'PM',24,'2025-06-30 11:58:48','2025-07-01 21:17:18'),(2006,732,1,1,'2025-07-06',30.00,'PM',25,'2025-06-30 12:00:22','2025-07-01 21:17:18'),(2007,733,1,1,'2025-07-06',68.80,'PM',26,'2025-06-30 12:00:41','2025-07-01 21:17:18'),(2008,734,1,1,'2025-07-06',19.45,'PM',27,'2025-06-30 12:01:06','2025-07-01 21:17:18'),(2009,735,1,1,'2025-07-06',35.00,'PM',28,'2025-06-30 12:01:31','2025-07-01 21:17:18'),(2013,738,1,1,'2025-07-06',95.12,'PM',29,'2025-06-30 12:12:48','2025-07-01 21:17:18'),(2014,739,1,1,'2025-07-02',36.25,'PM',0,'2025-06-30 12:30:48','2025-07-01 21:17:18'),(2015,739,1,2,'2025-08-02',36.25,'PM',6,'2025-06-30 12:30:48','2025-08-04 17:10:59'),(2016,739,2,1,'2025-07-02',36.25,'PM',0,'2025-06-30 12:30:48','2025-07-01 21:17:18'),(2017,739,2,2,'2025-08-02',36.25,'PM',6,'2025-06-30 12:30:48','2025-08-04 17:10:59'),(2018,740,1,1,'2025-07-02',30.50,'PM',0,'2025-06-30 12:31:35','2025-07-01 21:17:18'),(2019,740,2,1,'2025-07-02',30.50,'PM',0,'2025-06-30 12:31:35','2025-07-01 21:17:18'),(2020,741,1,1,'2025-08-02',60.46,'PM',11,'2025-07-10 23:51:45','2025-08-04 17:10:59'),(2021,741,1,2,'2025-09-02',60.46,'PP',6,'2025-07-10 23:51:45','2025-08-05 13:09:55'),(2022,741,1,3,'2025-10-02',60.46,'PP',0,'2025-07-10 23:51:45','2025-07-10 23:51:45'),(2023,742,1,1,'2025-08-02',41.03,'PM',12,'2025-07-10 23:52:47','2025-08-04 17:10:59'),(2024,742,1,2,'2025-09-02',41.03,'PP',4,'2025-07-10 23:52:47','2025-08-05 13:08:44'),(2025,742,1,3,'2025-10-02',41.03,'PP',0,'2025-07-10 23:52:47','2025-07-10 23:52:47'),(2026,742,2,1,'2025-08-02',41.03,'PM',12,'2025-07-10 23:52:47','2025-08-04 17:10:59'),(2027,742,2,2,'2025-09-02',41.03,'PP',4,'2025-07-10 23:52:47','2025-08-05 13:08:48'),(2028,742,2,3,'2025-10-02',41.03,'PP',0,'2025-07-10 23:52:47','2025-07-10 23:52:47'),(2031,744,1,1,'2025-08-02',55.39,'PM',16,'2025-07-10 23:54:56','2025-08-04 17:10:59'),(2032,745,1,1,'2025-08-02',12.00,'PM',17,'2025-07-10 23:55:27','2025-08-04 17:10:59'),(2033,746,1,1,'2025-08-02',58.50,'PM',18,'2025-07-10 23:56:25','2025-08-04 17:10:59'),(2034,746,1,1,'2025-08-02',58.50,'PM',18,'2025-07-10 23:56:25','2025-08-04 17:10:59'),(2038,748,1,1,'2025-08-02',73.72,'PM',19,'2025-07-10 23:59:46','2025-08-04 17:10:59'),(2039,748,1,2,'2025-09-02',73.72,'PP',2,'2025-07-10 23:59:46','2025-08-05 13:08:00'),(2040,748,1,3,'2025-10-02',73.72,'PP',0,'2025-07-10 23:59:46','2025-07-10 23:59:46'),(2047,751,1,1,'2025-08-02',27.07,'PM',28,'2025-07-11 00:02:54','2025-08-04 17:10:59'),(2048,751,1,2,'2025-09-02',27.07,'PP',10,'2025-07-11 00:02:54','2025-08-05 13:10:51'),(2049,751,1,3,'2025-10-02',27.07,'PP',0,'2025-07-11 00:02:54','2025-07-11 00:02:54'),(2050,751,2,1,'2025-08-02',27.07,'PM',28,'2025-07-11 00:02:54','2025-08-04 17:10:59'),(2051,751,2,2,'2025-09-02',27.07,'PP',11,'2025-07-11 00:02:54','2025-08-05 13:10:55'),(2052,751,2,3,'2025-10-02',27.07,'PP',0,'2025-07-11 00:02:54','2025-07-11 00:02:54'),(2053,752,1,1,'2025-08-02',34.55,'PM',27,'2025-07-11 00:04:44','2025-08-04 17:10:59'),(2054,752,1,2,'2025-09-02',34.55,'PP',3,'2025-07-11 00:04:44','2025-08-05 13:08:17'),(2055,752,1,3,'2025-10-02',34.55,'PP',0,'2025-07-11 00:04:44','2025-07-11 00:04:44'),(2056,752,2,1,'2025-08-02',34.55,'PM',27,'2025-07-11 00:04:44','2025-08-04 17:10:59'),(2057,752,2,2,'2025-09-02',34.55,'PP',3,'2025-07-11 00:04:44','2025-08-05 13:08:13'),(2058,752,2,3,'2025-10-02',34.55,'PP',0,'2025-07-11 00:04:44','2025-07-11 00:04:44'),(2059,753,1,1,'2025-08-02',40.00,'PM',29,'2025-07-11 00:05:19','2025-08-04 17:10:59'),(2060,754,1,1,'2025-08-02',33.40,'PM',30,'2025-07-11 00:07:37','2025-08-04 17:10:59'),(2061,754,2,1,'2025-08-02',33.40,'PM',30,'2025-07-11 00:07:37','2025-08-04 17:10:59'),(2062,755,1,1,'2025-08-02',44.33,'PM',31,'2025-07-11 00:08:41','2025-08-04 17:10:59'),(2063,755,1,2,'2025-09-02',44.33,'PP',13,'2025-07-11 00:08:41','2025-08-05 13:11:03'),(2064,756,1,1,'2025-08-02',33.99,'PM',35,'2025-07-11 00:09:17','2025-08-04 17:10:59'),(2065,756,1,1,'2025-08-02',33.99,'PM',35,'2025-07-11 00:09:17','2025-08-04 17:10:59'),(2066,757,1,1,'2025-08-02',58.00,'PM',14,'2025-07-11 00:15:11','2025-08-04 17:10:59'),(2067,757,2,1,'2025-08-02',58.00,'PM',15,'2025-07-11 00:15:11','2025-08-04 17:10:59'),(2070,760,1,1,'2025-08-06',33.52,'PM',11,'2025-07-14 14:51:15','2025-08-04 17:11:00'),(2071,761,1,1,'2025-08-02',94.40,'PM',20,'2025-07-14 15:05:38','2025-08-04 17:10:59'),(2072,761,1,2,'2025-09-02',94.40,'PP',7,'2025-07-14 15:05:38','2025-08-05 13:09:59'),(2073,762,2,1,'2025-08-02',5.95,'PM',0,'2025-07-14 15:07:13','2025-08-04 17:10:59'),(2074,763,1,1,'2025-08-06',44.10,'PM',21,'2025-07-21 16:30:20','2025-08-04 17:11:00'),(2075,763,1,2,'2025-09-06',44.10,'PP',10,'2025-07-21 16:30:20','2025-08-05 13:25:19'),(2076,763,1,3,'2025-10-06',44.10,'PP',0,'2025-07-21 16:30:20','2025-07-21 16:30:20'),(2077,763,1,4,'2025-11-06',44.10,'PP',0,'2025-07-21 16:30:20','2025-07-21 16:30:20'),(2078,764,1,1,'2025-08-06',70.43,'PM',22,'2025-07-21 16:31:07','2025-08-04 17:10:59'),(2079,764,1,2,'2025-09-06',72.50,'PP',11,'2025-07-21 16:31:07','2025-08-05 13:25:23'),(2080,765,1,1,'2025-08-06',69.63,'PM',23,'2025-07-21 16:32:09','2025-08-04 17:10:59'),(2081,765,1,2,'2025-09-06',70.00,'PP',12,'2025-07-21 16:32:09','2025-08-05 13:25:28'),(2082,765,1,3,'2025-10-06',70.00,'PP',0,'2025-07-21 16:32:09','2025-07-21 16:32:09'),(2083,766,2,1,'2025-08-19',141.63,'PP',0,'2025-07-22 18:38:57','2025-07-22 18:38:57'),(2084,766,2,2,'2025-09-19',141.63,'PP',0,'2025-07-22 18:38:57','2025-07-22 18:38:57'),(2085,766,2,3,'2025-10-19',141.63,'PP',0,'2025-07-22 18:38:57','2025-07-22 18:38:57'),(2086,766,2,4,'2025-11-19',141.63,'PP',0,'2025-07-22 18:38:57','2025-07-22 18:38:57'),(2087,766,2,5,'2025-12-19',141.63,'PP',0,'2025-07-22 18:38:57','2025-07-22 18:38:57'),(2088,766,2,6,'2026-01-19',141.63,'PP',0,'2025-07-22 18:38:57','2025-07-22 18:38:57'),(2089,766,2,7,'2026-02-19',141.63,'PP',0,'2025-07-22 18:38:57','2025-07-22 18:38:57'),(2090,766,2,8,'2026-03-19',141.63,'PP',0,'2025-07-22 18:38:57','2025-07-22 18:38:57'),(2091,766,2,9,'2026-04-19',141.63,'PP',0,'2025-07-22 18:38:57','2025-07-22 18:38:57'),(2092,766,2,10,'2026-05-19',141.63,'PP',0,'2025-07-22 18:38:57','2025-07-22 18:38:57'),(2093,766,2,11,'2026-06-19',141.63,'PP',0,'2025-07-22 18:38:57','2025-07-22 18:38:57'),(2094,766,2,12,'2026-07-19',141.63,'PP',0,'2025-07-22 18:38:57','2025-07-22 18:38:57'),(2095,767,1,1,'2025-08-19',37.00,'PP',0,'2025-07-22 18:40:10','2025-07-22 18:40:10'),(2096,768,1,1,'2025-08-06',113.30,'PM',0,'2025-07-29 10:36:05','2025-08-04 17:11:00'),(2097,768,1,2,'2025-09-06',113.30,'PP',13,'2025-07-29 10:36:05','2025-08-05 13:25:32'),(2098,769,1,1,'2025-09-02',100.00,'PP',0,'2025-08-05 13:15:13','2025-08-05 13:15:13'),(2099,770,1,1,'2025-09-02',153.94,'PP',0,'2025-08-05 13:15:57','2025-08-05 13:15:57'),(2100,771,1,1,'2025-09-02',62.13,'PP',0,'2025-08-05 13:16:23','2025-08-05 13:16:23'),(2101,772,1,1,'2025-09-02',49.50,'PP',0,'2025-08-05 13:17:01','2025-08-05 13:17:01'),(2102,773,1,1,'2025-09-02',29.00,'PP',0,'2025-08-05 13:17:26','2025-08-05 13:17:26'),(2103,774,1,1,'2025-09-02',34.04,'PP',0,'2025-08-05 13:17:42','2025-08-05 13:17:42'),(2104,775,1,1,'2025-09-02',47.86,'PP',0,'2025-08-05 13:18:02','2025-08-05 13:18:02'),(2105,776,1,1,'2025-09-02',30.00,'PP',0,'2025-08-05 13:18:27','2025-08-05 13:18:27'),(2106,777,1,1,'2025-09-02',41.46,'PP',0,'2025-08-05 13:18:50','2025-08-05 13:18:50'),(2107,778,1,1,'2025-09-02',45.00,'PP',0,'2025-08-05 13:19:19','2025-08-05 13:19:19'),(2108,779,1,1,'2025-09-02',28.95,'PP',0,'2025-08-05 13:19:36','2025-08-05 13:19:36'),(2109,779,1,2,'2025-10-02',28.95,'PP',0,'2025-08-05 13:19:36','2025-08-05 13:19:36'),(2110,779,1,3,'2025-11-02',28.95,'PP',0,'2025-08-05 13:19:36','2025-08-05 13:19:36'),(2111,779,1,4,'2025-12-02',28.95,'PP',0,'2025-08-05 13:19:36','2025-08-05 13:19:36'),(2112,780,1,1,'2025-09-02',204.54,'PP',0,'2025-08-05 13:20:00','2025-08-05 13:20:00'),(2113,781,1,1,'2025-09-02',47.76,'PP',0,'2025-08-05 13:20:24','2025-08-05 13:20:24'),(2114,782,1,1,'2025-09-06',142.83,'PP',0,'2025-08-06 00:31:19','2025-08-06 00:31:19'),(2115,782,1,2,'2025-10-06',142.83,'PP',0,'2025-08-06 00:31:19','2025-08-06 00:31:19');
/*!40000 ALTER TABLE `installments` ENABLE KEYS */;
UNLOCK TABLES;

--
-- Table structure for table `investments`
--

DROP TABLE IF EXISTS `investments`;
/*!40101 SET @saved_cs_client     = @@character_set_client */;
/*!40101 SET character_set_client = utf8mb4 */;
CREATE TABLE `investments` (
  `id` int(11) NOT NULL AUTO_INCREMENT,
  `type_investment_id` int(11) NOT NULL,
  `name` varchar(128) NOT NULL,
  `color` varchar(7) NOT NULL,
  `created_at` timestamp NOT NULL DEFAULT current_timestamp() ON UPDATE current_timestamp(),
  `updated_at` timestamp NULL DEFAULT NULL,
  PRIMARY KEY (`id`),
  KEY `fk_investment_type_investment1_idx` (`type_investment_id`),
  CONSTRAINT `fk_investment_type_investment1` FOREIGN KEY (`type_investment_id`) REFERENCES `type_investments` (`id`) ON DELETE NO ACTION ON UPDATE NO ACTION
) ENGINE=InnoDB AUTO_INCREMENT=3 DEFAULT CHARSET=utf8mb4 COLLATE=utf8mb4_general_ci;
/*!40101 SET character_set_client = @saved_cs_client */;

--
-- Dumping data for table `investments`
--

LOCK TABLES `investments` WRITE;
/*!40000 ALTER TABLE `investments` DISABLE KEYS */;
INSERT INTO `investments` VALUES (1,1,'Fiis - HGLG','#000000','2024-09-13 19:32:11','2024-09-13 19:30:41'),(2,2,'AÇÃO - PETROBRAS','#000000','2024-09-13 19:32:17','2024-09-13 19:30:46');
/*!40000 ALTER TABLE `investments` ENABLE KEYS */;
UNLOCK TABLES;

--
-- Table structure for table `migrations`
--

DROP TABLE IF EXISTS `migrations`;
/*!40101 SET @saved_cs_client     = @@character_set_client */;
/*!40101 SET character_set_client = utf8mb4 */;
CREATE TABLE `migrations` (
  `id` int(10) unsigned NOT NULL AUTO_INCREMENT,
  `migration` varchar(255) NOT NULL,
  `batch` int(11) NOT NULL,
  PRIMARY KEY (`id`)
) ENGINE=InnoDB AUTO_INCREMENT=6 DEFAULT CHARSET=utf8mb3 COLLATE=utf8mb3_general_ci;
/*!40101 SET character_set_client = @saved_cs_client */;

--
-- Dumping data for table `migrations`
--

LOCK TABLES `migrations` WRITE;
/*!40000 ALTER TABLE `migrations` DISABLE KEYS */;
INSERT INTO `migrations` VALUES (1,'2014_10_12_000000_create_users_table',1),(2,'2014_10_12_100000_create_password_reset_tokens_table',1),(3,'2014_10_12_100000_create_password_resets_table',1),(4,'2019_08_19_000000_create_failed_jobs_table',1),(5,'2019_12_14_000001_create_personal_access_tokens_table',1);
/*!40000 ALTER TABLE `migrations` ENABLE KEYS */;
UNLOCK TABLES;

--
-- Table structure for table `negotiations`
--

DROP TABLE IF EXISTS `negotiations`;
/*!40101 SET @saved_cs_client     = @@character_set_client */;
/*!40101 SET character_set_client = utf8mb4 */;
CREATE TABLE `negotiations` (
  `id` int(11) NOT NULL AUTO_INCREMENT,
  `investment_id` int(11) NOT NULL,
  `date` date NOT NULL,
  `type_negotiation` enum('C','V') NOT NULL COMMENT 'C-> compra | V-> Venda',
  `quantity` decimal(10,2) DEFAULT NULL,
  `value` decimal(10,2) NOT NULL,
  `created_at` timestamp NOT NULL DEFAULT current_timestamp() ON UPDATE current_timestamp(),
  `updated_at` timestamp NULL DEFAULT NULL,
  PRIMARY KEY (`id`),
  KEY `fk_negotiation_investment_idx` (`investment_id`),
  CONSTRAINT `fk_negotiation_investment` FOREIGN KEY (`investment_id`) REFERENCES `investments` (`id`) ON DELETE NO ACTION ON UPDATE NO ACTION
) ENGINE=InnoDB AUTO_INCREMENT=2 DEFAULT CHARSET=utf8mb4 COLLATE=utf8mb4_general_ci;
/*!40101 SET character_set_client = @saved_cs_client */;

--
-- Dumping data for table `negotiations`
--

LOCK TABLES `negotiations` WRITE;
/*!40000 ALTER TABLE `negotiations` DISABLE KEYS */;
INSERT INTO `negotiations` VALUES (1,2,'2024-09-01','C',2.00,388.01,'2024-09-13 19:32:38','2024-09-13 19:32:38');
/*!40000 ALTER TABLE `negotiations` ENABLE KEYS */;
UNLOCK TABLES;

--
-- Table structure for table `password_reset_tokens`
--

DROP TABLE IF EXISTS `password_reset_tokens`;
/*!40101 SET @saved_cs_client     = @@character_set_client */;
/*!40101 SET character_set_client = utf8mb4 */;
CREATE TABLE `password_reset_tokens` (
  `email` varchar(255) NOT NULL,
  `token` varchar(255) NOT NULL,
  `created_at` timestamp NULL DEFAULT NULL,
  PRIMARY KEY (`email`)
) ENGINE=InnoDB DEFAULT CHARSET=utf8mb3 COLLATE=utf8mb3_general_ci;
/*!40101 SET character_set_client = @saved_cs_client */;

--
-- Dumping data for table `password_reset_tokens`
--

LOCK TABLES `password_reset_tokens` WRITE;
/*!40000 ALTER TABLE `password_reset_tokens` DISABLE KEYS */;
INSERT INTO `password_reset_tokens` VALUES ('paulomacario14@gmail.com','$2y$10$IeJEcvtWyNhk.EXFu5dcwuW/rUnEITRrfOZ4OMqy1xoAGq4KytHXq','2025-01-20 21:49:35');
/*!40000 ALTER TABLE `password_reset_tokens` ENABLE KEYS */;
UNLOCK TABLES;

--
-- Table structure for table `password_resets`
--

DROP TABLE IF EXISTS `password_resets`;
/*!40101 SET @saved_cs_client     = @@character_set_client */;
/*!40101 SET character_set_client = utf8mb4 */;
CREATE TABLE `password_resets` (
  `email` varchar(255) NOT NULL,
  `token` varchar(255) NOT NULL,
  `created_at` timestamp NULL DEFAULT NULL,
  KEY `password_resets_email_index` (`email`)
) ENGINE=InnoDB DEFAULT CHARSET=utf8mb3 COLLATE=utf8mb3_general_ci;
/*!40101 SET character_set_client = @saved_cs_client */;

--
-- Dumping data for table `password_resets`
--

LOCK TABLES `password_resets` WRITE;
/*!40000 ALTER TABLE `password_resets` DISABLE KEYS */;
/*!40000 ALTER TABLE `password_resets` ENABLE KEYS */;
UNLOCK TABLES;

--
-- Table structure for table `payment_types`
--

DROP TABLE IF EXISTS `payment_types`;
/*!40101 SET @saved_cs_client     = @@character_set_client */;
/*!40101 SET character_set_client = utf8mb4 */;
CREATE TABLE `payment_types` (
  `id` int(11) NOT NULL AUTO_INCREMENT,
  `user_id` bigint(20) unsigned NOT NULL,
  `description` varchar(48) NOT NULL,
  `order` int(11) NOT NULL DEFAULT 0,
  `processing_day` int(11) DEFAULT NULL,
  `payment_day` int(11) DEFAULT NULL,
  `installment_enable` tinyint(1) NOT NULL COMMENT 'parcela habilitada (0-1)',
  `next_processing` date DEFAULT NULL,
  `previous_processing` date DEFAULT NULL,
  `next_payment` date DEFAULT NULL,
  `color` varchar(7) DEFAULT '#000000',
  `img` varchar(45) DEFAULT 'default.png',
  `status` enum('E','D') NOT NULL DEFAULT 'E' COMMENT 'E->enable - D->disable',
  `created_at` timestamp NULL DEFAULT NULL,
  `updated_at` timestamp NULL DEFAULT NULL,
  PRIMARY KEY (`id`),
  KEY `FK_paymentTypesUsers` (`user_id`),
  CONSTRAINT `FK_paymentTypesUsers` FOREIGN KEY (`user_id`) REFERENCES `users` (`id`)
) ENGINE=InnoDB AUTO_INCREMENT=16 DEFAULT CHARSET=utf8mb3 COLLATE=utf8mb3_general_ci;
/*!40101 SET character_set_client = @saved_cs_client */;

--
-- Dumping data for table `payment_types`
--

LOCK TABLES `payment_types` WRITE;
/*!40000 ALTER TABLE `payment_types` DISABLE KEYS */;
INSERT INTO `payment_types` VALUES (1,1,'DÉBITO',4,NULL,NULL,0,NULL,NULL,NULL,'#cdad0e','default.png','E',NULL,'2024-08-30 19:16:17'),(2,1,'Nubank',3,23,2,1,'2025-08-23','2025-07-23','2025-09-02','#7f07cf','nubank.png','E',NULL,'2025-07-25 19:18:04'),(3,1,'Santander',2,12,19,1,'2025-08-12','2025-07-12','2025-08-19','#d91717','santander.png','E',NULL,'2025-07-25 19:17:35'),(4,1,'BOLETO',6,1,1,1,'2025-09-01','2025-08-01','2025-09-01','#007bff','default.png','E',NULL,'2025-08-01 00:00:03'),(5,1,'PIX',5,NULL,NULL,0,NULL,NULL,NULL,'#60df2a','default.png','E',NULL,'2024-08-30 19:13:45'),(6,1,'Financiamento',8,19,19,1,NULL,NULL,NULL,'#238200','financiamento.png','E',NULL,'2025-07-25 19:20:52'),(7,1,'DINHEIRO',7,NULL,NULL,0,NULL,NULL,NULL,'#319108','default.png','E',NULL,'2024-08-30 19:13:39'),(8,1,'Itaú',1,1,6,1,'2025-09-01','2025-08-01','2025-09-06','#e57f0b','itau.png','E','2024-07-05 12:44:16','2025-08-01 00:00:03'),(9,1,'Conta internet',9,2,2,1,'2025-09-02','2025-08-02','2025-09-02','#02757e','internet.png','E','2024-07-17 12:50:56','2025-08-02 00:00:02'),(10,1,'CONTA EDP',10,3,19,1,'2025-09-03','2025-08-03','2025-09-19','#1fcedb','luz.png','E','2024-07-17 12:54:05','2025-08-03 00:00:03'),(11,1,'IPTU',11,15,15,1,'2025-08-15','2025-07-15','2025-08-15','#0ae5f5','iptu.png','E','2024-07-17 12:55:42','2025-07-25 19:21:48'),(12,1,'Emprestimo',12,NULL,NULL,0,NULL,NULL,NULL,'#f7abe9','emprestimo.png','E','2024-10-01 17:24:30','2025-07-25 19:20:18'),(13,1,'Escola boleto',10,5,5,1,'2025-09-05','2025-08-05','2025-09-05','#998700','default.png','D','2024-10-30 00:14:21','2025-08-05 00:00:02'),(14,1,'Escola boleto',10,5,5,1,'2025-09-05','2025-08-05','2025-09-05','#998700','escola.png','E','2024-10-30 00:14:32','2025-08-05 00:00:02'),(15,1,'Casas Bahia',13,6,18,1,'2025-09-06','2025-08-06','2025-09-18','#002aff','casasbahia.png','E','2025-03-05 17:35:43','2025-08-06 00:00:03');
/*!40000 ALTER TABLE `payment_types` ENABLE KEYS */;
UNLOCK TABLES;

--
-- Table structure for table `personal_access_tokens`
--

DROP TABLE IF EXISTS `personal_access_tokens`;
/*!40101 SET @saved_cs_client     = @@character_set_client */;
/*!40101 SET character_set_client = utf8mb4 */;
CREATE TABLE `personal_access_tokens` (
  `id` bigint(20) unsigned NOT NULL AUTO_INCREMENT,
  `tokenable_type` varchar(255) NOT NULL,
  `tokenable_id` bigint(20) unsigned NOT NULL,
  `name` varchar(255) NOT NULL,
  `token` varchar(64) NOT NULL,
  `abilities` text DEFAULT NULL,
  `last_used_at` timestamp NULL DEFAULT NULL,
  `expires_at` timestamp NULL DEFAULT NULL,
  `created_at` timestamp NULL DEFAULT NULL,
  `updated_at` timestamp NULL DEFAULT NULL,
  PRIMARY KEY (`id`),
  UNIQUE KEY `personal_access_tokens_token_unique` (`token`),
  KEY `personal_access_tokens_tokenable_type_tokenable_id_index` (`tokenable_type`,`tokenable_id`)
) ENGINE=InnoDB DEFAULT CHARSET=utf8mb3 COLLATE=utf8mb3_general_ci;
/*!40101 SET character_set_client = @saved_cs_client */;

--
-- Dumping data for table `personal_access_tokens`
--

LOCK TABLES `personal_access_tokens` WRITE;
/*!40000 ALTER TABLE `personal_access_tokens` DISABLE KEYS */;
/*!40000 ALTER TABLE `personal_access_tokens` ENABLE KEYS */;
UNLOCK TABLES;

--
-- Table structure for table `shopper_user`
--

DROP TABLE IF EXISTS `shopper_user`;
/*!40101 SET @saved_cs_client     = @@character_set_client */;
/*!40101 SET character_set_client = utf8mb4 */;
CREATE TABLE `shopper_user` (
  `id` bigint(20) unsigned NOT NULL AUTO_INCREMENT,
  `user_id` bigint(20) unsigned NOT NULL,
  `shopper_id` int(11) NOT NULL,
  `created_at` timestamp NULL DEFAULT NULL,
  `updated_at` timestamp NULL DEFAULT NULL,
  PRIMARY KEY (`id`),
  KEY `fk_shopper_user_shoppers1_idx` (`shopper_id`),
  KEY `fk_shopper_user_users1_idx` (`user_id`),
  CONSTRAINT `fk_shopper_user_shoppers1` FOREIGN KEY (`shopper_id`) REFERENCES `shoppers` (`id`) ON DELETE CASCADE ON UPDATE CASCADE,
  CONSTRAINT `fk_shopper_user_users1` FOREIGN KEY (`user_id`) REFERENCES `users` (`id`) ON DELETE CASCADE ON UPDATE CASCADE
) ENGINE=InnoDB AUTO_INCREMENT=4 DEFAULT CHARSET=utf8mb4 COLLATE=utf8mb4_unicode_ci;
/*!40101 SET character_set_client = @saved_cs_client */;

--
-- Dumping data for table `shopper_user`
--

LOCK TABLES `shopper_user` WRITE;
/*!40000 ALTER TABLE `shopper_user` DISABLE KEYS */;
INSERT INTO `shopper_user` VALUES (1,1,1,'2024-09-23 14:21:40','2024-09-23 14:21:40'),(2,1,2,'2024-09-23 14:21:41','2024-09-23 14:21:41');
/*!40000 ALTER TABLE `shopper_user` ENABLE KEYS */;
UNLOCK TABLES;

--
-- Table structure for table `shoppers`
--

DROP TABLE IF EXISTS `shoppers`;
/*!40101 SET @saved_cs_client     = @@character_set_client */;
/*!40101 SET character_set_client = utf8mb4 */;
CREATE TABLE `shoppers` (
  `id` int(11) NOT NULL AUTO_INCREMENT,
  `user_id` bigint(20) unsigned NOT NULL,
  `name` varchar(48) NOT NULL,
  `order` int(11) NOT NULL DEFAULT 0,
  `color` varchar(7) DEFAULT '#000000',
  `img` varchar(45) DEFAULT 'default.png',
  `status` enum('E','D') NOT NULL DEFAULT 'E' COMMENT 'E->enable - D->disable',
  `created_at` timestamp NULL DEFAULT NULL,
  `updated_at` timestamp NULL DEFAULT NULL,
  PRIMARY KEY (`id`),
  KEY `FK_shopperUsers` (`user_id`),
  CONSTRAINT `FK_shopperUsers` FOREIGN KEY (`user_id`) REFERENCES `users` (`id`)
) ENGINE=InnoDB AUTO_INCREMENT=4 DEFAULT CHARSET=utf8mb4 COLLATE=utf8mb4_general_ci;
/*!40101 SET character_set_client = @saved_cs_client */;

--
-- Dumping data for table `shoppers`
--

LOCK TABLES `shoppers` WRITE;
/*!40000 ALTER TABLE `shoppers` DISABLE KEYS */;
INSERT INTO `shoppers` VALUES (1,1,'Paulo Macario',1,'#004cff','default.png','E',NULL,'2025-07-22 18:21:06'),(2,1,'Bianca Rosa',0,'#ab1cb0','default.png','E','2025-03-14 12:43:19','2025-07-22 18:20:42');
/*!40000 ALTER TABLE `shoppers` ENABLE KEYS */;
UNLOCK TABLES;

--
-- Table structure for table `type_investments`
--

DROP TABLE IF EXISTS `type_investments`;
/*!40101 SET @saved_cs_client     = @@character_set_client */;
/*!40101 SET character_set_client = utf8mb4 */;
CREATE TABLE `type_investments` (
  `id` int(11) NOT NULL AUTO_INCREMENT,
  `name` varchar(128) NOT NULL,
  `acronym` varchar(5) NOT NULL,
  `color` varchar(7) NOT NULL,
  `order` varchar(128) NOT NULL,
  `created_at` timestamp NOT NULL DEFAULT current_timestamp() ON UPDATE current_timestamp(),
  `updated_at` timestamp NULL DEFAULT NULL,
  PRIMARY KEY (`id`)
) ENGINE=InnoDB AUTO_INCREMENT=3 DEFAULT CHARSET=utf8mb4 COLLATE=utf8mb4_general_ci;
/*!40101 SET character_set_client = @saved_cs_client */;

--
-- Dumping data for table `type_investments`
--

LOCK TABLES `type_investments` WRITE;
/*!40000 ALTER TABLE `type_investments` DISABLE KEYS */;
INSERT INTO `type_investments` VALUES (1,'RENDA FIXA','RF','#CDCDCD','1','2024-09-13 19:30:30','2024-09-13 19:30:30'),(2,'RENDA VARIAVEL','RV','#FDFDFD','2','2024-09-13 19:30:36','2024-09-13 19:30:36');
/*!40000 ALTER TABLE `type_investments` ENABLE KEYS */;
UNLOCK TABLES;

--
-- Table structure for table `users`
--

DROP TABLE IF EXISTS `users`;
/*!40101 SET @saved_cs_client     = @@character_set_client */;
/*!40101 SET character_set_client = utf8mb4 */;
CREATE TABLE `users` (
  `id` bigint(20) unsigned NOT NULL AUTO_INCREMENT,
  `name` varchar(255) NOT NULL,
  `email` varchar(255) NOT NULL,
  `email_verified_at` timestamp NULL DEFAULT NULL,
  `password` varchar(255) NOT NULL,
  `remember_token` varchar(100) DEFAULT NULL,
  `created_at` timestamp NULL DEFAULT NULL,
  `updated_at` timestamp NULL DEFAULT NULL,
  PRIMARY KEY (`id`),
  UNIQUE KEY `users_email_unique` (`email`)
) ENGINE=InnoDB AUTO_INCREMENT=3 DEFAULT CHARSET=utf8mb3 COLLATE=utf8mb3_general_ci;
/*!40101 SET character_set_client = @saved_cs_client */;

--
-- Dumping data for table `users`
--

LOCK TABLES `users` WRITE;
/*!40000 ALTER TABLE `users` DISABLE KEYS */;
INSERT INTO `users` VALUES (1,'Paulo Macario','paulomacario14@gmail.com',NULL,'$2y$10$ZZZSmZAALBLidGrHGwqiNeaVi2ZB/0MWZANI2K6FuzCz1jidvZeOm','1AXRSBEJ2z5iU5JV1Y2bQqOi4OPoZAC4JQS5tQcIhWgzYK5SjSXJQmUhaiD4','2024-05-25 10:51:14','2024-05-25 10:51:14');
/*!40000 ALTER TABLE `users` ENABLE KEYS */;
UNLOCK TABLES;
/*!40103 SET TIME_ZONE=@OLD_TIME_ZONE */;

/*!40101 SET SQL_MODE=@OLD_SQL_MODE */;
/*!40014 SET FOREIGN_KEY_CHECKS=@OLD_FOREIGN_KEY_CHECKS */;
/*!40014 SET UNIQUE_CHECKS=@OLD_UNIQUE_CHECKS */;
/*!40101 SET CHARACTER_SET_CLIENT=@OLD_CHARACTER_SET_CLIENT */;
/*!40101 SET CHARACTER_SET_RESULTS=@OLD_CHARACTER_SET_RESULTS */;
/*!40101 SET COLLATION_CONNECTION=@OLD_COLLATION_CONNECTION */;
/*!40111 SET SQL_NOTES=@OLD_SQL_NOTES */;

-- Dump completed on 2025-08-06 12:37:55
